vendor,blank_name,station,station_in_from_tail,rocker_in,thickness_in,width_in,length_in,deck_length_in,volume_l,catalog_slug,pdf_page,flag
US Blanks,"5'0""W",T0,0,1.0,1.752,17.0,60.252,60.0,47.0,wake-surf/5-0-W,1,"wake-surf rocker as drawn (catalog also lists a natural rocker of 2 7/16""N 1""T)"
US Blanks,"5'0""W",T6,6,0.689,2.126,19.252,60.252,60.0,47.0,wake-surf/5-0-W,1,
US Blanks,"5'0""W",T12,12,0.374,2.374,20.811,60.252,60.0,47.0,wake-surf/5-0-W,1,
US Blanks,"5'0""W",T18,18,0.157,2.563,21.874,60.252,60.0,47.0,wake-surf/5-0-W,1,
US Blanks,"5'0""W",C,30.126,0.0,2.74,22.689,60.252,60.0,47.0,wake-surf/5-0-W,1,
US Blanks,"5'0""W",N18,42.252,0.252,2.74,21.811,60.252,60.0,47.0,wake-surf/5-0-W,1,
US Blanks,"5'0""W",N12,48.252,0.689,2.374,20.374,60.252,60.0,47.0,wake-surf/5-0-W,1,
US Blanks,"5'0""W",N6,54.252,1.437,2.0,17.752,60.252,60.0,47.0,wake-surf/5-0-W,1,
US Blanks,"5'0""W",N0,60.252,2.626,1.626,13.5,60.252,60.0,47.0,wake-surf/5-0-W,1,"wake-surf rocker as drawn (catalog also lists a natural rocker of 2 7/16""N 1""T)"
US Blanks,"5'9""P",T0,0,2.0,0.937,5.5,70.252,69.626,32.2,shortboard/5-9-P,2,
US Blanks,"5'9""P",T6,6,1.374,1.374,11.563,70.252,69.626,32.2,shortboard/5-9-P,2,
US Blanks,"5'9""P",T12,12,0.811,1.752,14.811,70.252,69.626,32.2,shortboard/5-9-P,2,
US Blanks,"5'9""P",T18,18,0.5,2.063,17.063,70.252,69.626,32.2,shortboard/5-9-P,2,
US Blanks,"5'9""P",T24,24,0.252,2.311,18.5,70.252,69.626,32.2,shortboard/5-9-P,2,
US Blanks,"5'9""P",C,35.126,0.0,2.437,19.374,70.252,69.626,32.2,shortboard/5-9-P,2,
US Blanks,"5'9""P",N24,46.252,0.311,2.311,18.189,70.252,69.626,32.2,shortboard/5-9-P,2,
US Blanks,"5'9""P",N18,52.252,0.752,2.0,16.437,70.252,69.626,32.2,shortboard/5-9-P,2,
US Blanks,"5'9""P",N12,58.252,1.5,1.626,13.689,70.252,69.626,32.2,shortboard/5-9-P,2,
US Blanks,"5'9""P",N6,64.252,2.752,1.189,9.882,70.252,69.626,32.2,shortboard/5-9-P,2,"thickness: catalog prints 1 13/16"" but 3.02 cm here; used the cm value (1 3/16"")"
US Blanks,"5'9""P",N0,70.252,4.752,0.811,3.5,70.252,69.626,32.2,shortboard/5-9-P,2,
US Blanks,"5'10""RP",T0,0,1.937,1.311,14.0,71.252,70.752,54.1,fish-egss/510RP,3,
US Blanks,"5'10""RP",T6,6,1.311,1.752,17.752,71.252,70.752,54.1,fish-egss/510RP,3,
US Blanks,"5'10""RP",T12,12,0.875,2.189,20.374,71.252,70.752,54.1,fish-egss/510RP,3,"rocker: catalog prints 7/8"" but 1.75 cm here; used the inch value"
US Blanks,"5'10""RP",T18,18,0.5,2.5,22.5,71.252,70.752,54.1,fish-egss/510RP,3,
US Blanks,"5'10""RP",T24,24,0.252,2.752,23.752,71.252,70.752,54.1,fish-egss/510RP,3,
US Blanks,"5'10""RP",C,35.626,0.0,2.937,24.874,71.252,70.752,54.1,fish-egss/510RP,3,
US Blanks,"5'10""RP",N24,47.252,0.256,2.752,23.874,71.252,70.752,54.1,fish-egss/510RP,3,
US Blanks,"5'10""RP",N18,53.252,0.626,2.563,22.189,71.252,70.752,54.1,fish-egss/510RP,3,
US Blanks,"5'10""RP",N12,59.252,1.374,2.189,19.311,71.252,70.752,54.1,fish-egss/510RP,3,
US Blanks,"5'10""RP",N6,65.252,2.626,1.689,14.811,71.252,70.752,54.1,fish-egss/510RP,3,
US Blanks,"5'10""RP",N0,71.252,4.626,1.252,8.0,71.252,70.752,54.1,fish-egss/510RP,3,
US Blanks,"5'11""YU",T0,0,1.811,1.5,9.0,72.0,71.374,42.01,shortboard/5-11-YU,4,
US Blanks,"5'11""YU",T6,6,1.252,1.76,13.937,72.0,71.374,42.01,shortboard/5-11-YU,4,
US Blanks,"5'11""YU",T12,12,0.811,2.075,16.937,72.0,71.374,42.01,shortboard/5-11-YU,4,
US Blanks,"5'11""YU",T18,18,0.5,2.311,18.874,72.0,71.374,42.01,shortboard/5-11-YU,4,
US Blanks,"5'11""YU",T24,24,0.252,2.5,20.252,72.0,71.374,42.01,shortboard/5-11-YU,4,
US Blanks,"5'11""YU",C,36.0,0.0,2.752,21.252,72.0,71.374,42.01,shortboard/5-11-YU,4,
US Blanks,"5'11""YU",N24,48.0,0.311,2.5,20.189,72.0,71.374,42.01,shortboard/5-11-YU,4,
US Blanks,"5'11""YU",N18,54.0,0.811,2.303,18.563,72.0,71.374,42.01,shortboard/5-11-YU,4,
US Blanks,"5'11""YU",N12,60.0,1.5,2.0,16.0,72.0,71.374,42.01,shortboard/5-11-YU,4,
US Blanks,"5'11""YU",N6,66.0,2.689,1.587,11.626,72.0,71.374,42.01,shortboard/5-11-YU,4,
US Blanks,"5'11""YU",N0,72.0,4.563,1.106,4.0,72.0,71.374,42.01,shortboard/5-11-YU,4,
US Blanks,"6'0""P",T0,0,1.689,1.0,6.752,72.748,72.0,34.9,shortboard/6-0P,5,
US Blanks,"6'0""P",T6,6,1.189,1.4375,12.374,72.748,72.0,34.9,shortboard/6-0P,5,"thickness: catalog prints 1 7/16"" but 4.76 cm here; used the inch value"
US Blanks,"6'0""P",T12,12,0.752,1.874,15.563,72.748,72.0,34.9,shortboard/6-0P,5,
US Blanks,"6'0""P",T18,18,0.437,2.126,17.689,72.748,72.0,34.9,shortboard/6-0P,5,
US Blanks,"6'0""P",T24,24,0.189,2.311,18.937,72.748,72.0,34.9,shortboard/6-0P,5,
US Blanks,"6'0""P",C,36.374,0.0,2.5,20.0,72.748,72.0,34.9,shortboard/6-0P,5,
US Blanks,"6'0""P",N24,48.748,0.311,2.252,18.563,72.748,72.0,34.9,shortboard/6-0P,5,
US Blanks,"6'0""P",N18,54.748,0.811,2.0,16.811,72.748,72.0,34.9,shortboard/6-0P,5,
US Blanks,"6'0""P",N12,60.748,1.5,1.626,14.063,72.748,72.0,34.9,shortboard/6-0P,5,
US Blanks,"6'0""P",N6,66.748,2.689,1.252,10.063,72.748,72.0,34.9,shortboard/6-0P,5,
US Blanks,"6'0""P",N0,72.748,4.626,0.874,4.0,72.748,72.0,34.9,shortboard/6-0P,5,
US Blanks,"6'0""R",T0,0,2.126,1.252,8.5,72.5,71.752,47.2,shortboard/60R,6,
US Blanks,"6'0""R",T6,6,1.437,1.752,13.752,72.5,71.752,47.2,shortboard/60R,6,
US Blanks,"6'0""R",T12,12,0.937,2.252,17.126,72.5,71.752,47.2,shortboard/60R,6,
US Blanks,"6'0""R",T18,18,0.5,2.563,19.252,72.5,71.752,47.2,shortboard/60R,6,
US Blanks,"6'0""R",T24,24,0.252,2.811,20.626,72.5,71.752,47.2,shortboard/60R,6,
US Blanks,"6'0""R",C,36.25,0.0,3.0,21.626,72.5,71.752,47.2,shortboard/60R,6,
US Blanks,"6'0""R",N24,48.5,0.311,2.811,20.437,72.5,71.752,47.2,shortboard/60R,6,
US Blanks,"6'0""R",N18,54.5,0.752,2.563,18.874,72.5,71.752,47.2,shortboard/60R,6,
US Blanks,"6'0""R",N12,60.5,1.374,2.189,16.374,72.5,71.752,47.2,shortboard/60R,6,
US Blanks,"6'0""R",N6,66.5,2.437,1.626,12.374,72.5,71.752,47.2,shortboard/60R,6,
US Blanks,"6'0""R",N0,72.5,4.437,1.252,5.0,72.5,71.752,47.2,shortboard/60R,6,
US Blanks,"6'2""A",T0,0,1.811,1.252,12.5,74.752,74.0,55.1,fish-egg/6-2A,7,
US Blanks,"6'2""A",T6,6,1.311,1.689,16.126,74.752,74.0,55.1,fish-egg/6-2A,7,
US Blanks,"6'2""A",T12,12,0.937,2.0,18.563,74.752,74.0,55.1,fish-egg/6-2A,7,
US Blanks,"6'2""A",T18,18,0.563,2.311,20.5,74.752,74.0,55.1,fish-egg/6-2A,7,
US Blanks,"6'2""A",T24,24,0.252,2.563,22.0,74.752,74.0,55.1,fish-egg/6-2A,7,
US Blanks,"6'2""A",C,37.376,0.0,2.937,23.5,74.752,74.0,55.1,fish-egg/6-2A,7,
US Blanks,"6'2""A",N24,50.752,0.437,2.752,22.626,74.752,74.0,55.1,fish-egg/6-2A,7,
US Blanks,"6'2""A",N18,56.752,0.937,2.4375,21.248,74.752,74.0,55.1,fish-egg/6-2A,7,"thickness: catalog prints 3 1/16"" (7.78 cm) here, thicker than its own stated max of 2 15/16""; used 2 7/16"", the 6'2""AX less 1/4"""
US Blanks,"6'2""A",N12,62.752,1.689,2.126,19.0,74.752,74.0,55.1,fish-egg/6-2A,7,
US Blanks,"6'2""A",N6,68.752,2.874,1.626,15.189,74.752,74.0,55.1,fish-egg/6-2A,7,
US Blanks,"6'2""A",N0,74.752,4.752,1.126,8.0,74.752,74.0,55.1,fish-egg/6-2A,7,
US Blanks,"6'2""AX",T0,0,1.811,1.5,12.5,74.752,74.0,62.1,fish-egg/6-2-AX,8,
US Blanks,"6'2""AX",T6,6,1.311,1.937,16.126,74.752,74.0,62.1,fish-egg/6-2-AX,8,
US Blanks,"6'2""AX",T12,12,0.937,2.252,18.563,74.752,74.0,62.1,fish-egg/6-2-AX,8,
US Blanks,"6'2""AX",T18,18,0.563,2.5,20.5,74.752,74.0,62.1,fish-egg/6-2-AX,8,
US Blanks,"6'2""AX",T24,24,0.252,2.811,22.0,74.752,74.0,62.1,fish-egg/6-2-AX,8,
US Blanks,"6'2""AX",C,37.376,0.0,3.185,23.5,74.752,74.0,62.1,fish-egg/6-2-AX,8,
US Blanks,"6'2""AX",N24,50.752,0.437,3.0,22.626,74.752,74.0,62.1,fish-egg/6-2-AX,8,
US Blanks,"6'2""AX",N18,56.752,0.937,2.689,21.248,74.752,74.0,62.1,fish-egg/6-2-AX,8,
US Blanks,"6'2""AX",N12,62.752,1.689,2.374,19.0,74.752,74.0,62.1,fish-egg/6-2-AX,8,
US Blanks,"6'2""AX",N6,68.752,2.874,1.874,15.189,74.752,74.0,62.1,fish-egg/6-2-AX,8,
US Blanks,"6'2""AX",N0,74.752,4.752,1.374,8.0,74.752,74.0,62.1,fish-egg/6-2-AX,8,
US Blanks,"6'2""P",T0,0,2.252,1.0,6.134,74.5,73.874,37.2,shortboard/6-2P,9,
US Blanks,"6'2""P",T6,6,1.626,1.374,11.874,74.5,73.874,37.2,shortboard/6-2P,9,
US Blanks,"6'2""P",T12,12,1.063,1.874,15.437,74.5,73.874,37.2,shortboard/6-2P,9,
US Blanks,"6'2""P",T18,18,0.626,2.193,17.874,74.5,73.874,37.2,shortboard/6-2P,9,
US Blanks,"6'2""P",T24,24,0.311,2.374,19.437,74.5,73.874,37.2,shortboard/6-2P,9,
US Blanks,"6'2""P",C,37.25,0.0,2.5,20.5,74.5,73.874,37.2,shortboard/6-2P,9,
US Blanks,"6'2""P",N24,50.5,0.374,2.252,18.626,74.5,73.874,37.2,shortboard/6-2P,9,
US Blanks,"6'2""P",N18,56.5,0.811,2.0,16.752,74.5,73.874,37.2,shortboard/6-2P,9,
US Blanks,"6'2""P",N12,62.5,1.5,1.626,14.0,74.5,73.874,37.2,shortboard/6-2P,9,
US Blanks,"6'2""P",N6,68.5,2.5,1.252,10.0,74.5,73.874,37.2,shortboard/6-2P,9,
US Blanks,"6'2""P",N0,74.5,4.437,0.752,4.5,74.5,73.874,37.2,shortboard/6-2P,9,
US Blanks,"6'3""EA",T0,0,2.063,1.252,8.0,76.126,75.252,39.2,shortboard/6-3EA,10,
US Blanks,"6'3""EA",T6,6,1.437,1.626,12.437,76.126,75.252,39.2,shortboard/6-3EA,10,
US Blanks,"6'3""EA",T12,12,0.937,1.874,15.437,76.126,75.252,39.2,shortboard/6-3EA,10,
US Blanks,"6'3""EA",T18,18,0.563,2.189,17.689,76.126,75.252,39.2,shortboard/6-3EA,10,
US Blanks,"6'3""EA",T24,24,0.311,2.311,19.252,76.126,75.252,39.2,shortboard/6-3EA,10,
US Blanks,"6'3""EA",C,38.063,0.0,2.563,20.626,76.126,75.252,39.2,shortboard/6-3EA,10,
US Blanks,"6'3""EA",N24,52.126,0.437,2.311,19.0,76.126,75.252,39.2,shortboard/6-3EA,10,
US Blanks,"6'3""EA",N18,58.126,0.937,2.0,17.126,76.126,75.252,39.2,shortboard/6-3EA,10,
US Blanks,"6'3""EA",N12,64.126,1.811,1.689,14.189,76.126,75.252,39.2,shortboard/6-3EA,10,
US Blanks,"6'3""EA",N6,70.126,3.3125,1.252,10.126,76.126,75.252,39.2,shortboard/6-3EA,10,"rocker: catalog prints 3 5/16"" but 10.00 cm here; used the inch value"
US Blanks,"6'3""EA",N0,76.126,5.5,0.752,4.126,76.126,75.252,39.2,shortboard/6-3EA,10,
US Blanks,"6'3""RP",T0,0,1.811,1.252,11.5,76.126,75.5,51.5,fish-egg/6-3-rp,11,volume: catalog prints 1.819 ft3 but 57.47 L; used the cubic-foot value (51.5 L)
US Blanks,"6'3""RP",T6,6,1.311,1.594,15.437,76.126,75.5,51.5,fish-egg/6-3-rp,11,
US Blanks,"6'3""RP",T12,12,0.874,2.0,18.063,76.126,75.5,51.5,fish-egg/6-3-rp,11,
US Blanks,"6'3""RP",T18,18,0.5,2.252,20.0,76.126,75.5,51.5,fish-egg/6-3-rp,11,
US Blanks,"6'3""RP",T24,24,0.252,2.469,21.252,76.126,75.5,51.5,fish-egg/6-3-rp,11,
US Blanks,"6'3""RP",C,38.063,0.0,2.752,22.626,76.126,75.5,51.5,fish-egg/6-3-rp,11,
US Blanks,"6'3""RP",N24,52.126,0.252,2.654,21.811,76.126,75.5,51.5,fish-egg/6-3-rp,11,
US Blanks,"6'3""RP",N18,58.126,0.689,2.374,20.311,76.126,75.5,51.5,fish-egg/6-3-rp,11,
US Blanks,"6'3""RP",N12,64.126,1.374,2.016,17.626,76.126,75.5,51.5,fish-egg/6-3-rp,11,
US Blanks,"6'3""RP",N6,70.126,2.563,1.563,13.252,76.126,75.5,51.5,fish-egg/6-3-rp,11,
US Blanks,"6'3""RP",N0,76.126,4.252,1.189,5.5,76.126,75.5,51.5,fish-egg/6-3-rp,11,
US Blanks,"6'4""EA",T0,0,2.063,1.311,8.0,76.244,75.5,42.3,shortboard/6-4EA,12,
US Blanks,"6'4""EA",T6,6,1.437,1.689,12.437,76.244,75.5,42.3,shortboard/6-4EA,12,
US Blanks,"6'4""EA",T12,12,0.937,2.0,15.437,76.244,75.5,42.3,shortboard/6-4EA,12,
US Blanks,"6'4""EA",T18,18,0.563,2.311,17.689,76.244,75.5,42.3,shortboard/6-4EA,12,
US Blanks,"6'4""EA",T24,24,0.311,2.5,19.252,76.244,75.5,42.3,shortboard/6-4EA,12,
US Blanks,"6'4""EA",C,38.122,0.0,2.752,20.626,76.244,75.5,42.3,shortboard/6-4EA,12,
US Blanks,"6'4""EA",N24,52.244,0.437,2.437,19.0,76.244,75.5,42.3,shortboard/6-4EA,12,
US Blanks,"6'4""EA",N18,58.244,0.937,2.126,17.126,76.244,75.5,42.3,shortboard/6-4EA,12,
US Blanks,"6'4""EA",N12,64.244,1.811,1.752,14.189,76.244,75.5,42.3,shortboard/6-4EA,12,
US Blanks,"6'4""EA",N6,70.244,3.311,1.311,10.126,76.244,75.5,42.3,shortboard/6-4EA,12,
US Blanks,"6'4""EA",N0,76.244,5.5,0.937,4.126,76.244,75.5,42.3,shortboard/6-4EA,12,
US Blanks,"6'4""EAX",T0,0,2.063,1.563,8.0,76.244,75.5,46.61,shortboard/6-4EAX,13,
US Blanks,"6'4""EAX",T6,6,1.437,1.937,12.437,76.244,75.5,46.61,shortboard/6-4EAX,13,
US Blanks,"6'4""EAX",T12,12,0.937,2.252,15.437,76.244,75.5,46.61,shortboard/6-4EAX,13,
US Blanks,"6'4""EAX",T18,18,0.563,2.563,17.689,76.244,75.5,46.61,shortboard/6-4EAX,13,
US Blanks,"6'4""EAX",T24,24,0.311,2.752,19.252,76.244,75.5,46.61,shortboard/6-4EAX,13,
US Blanks,"6'4""EAX",C,38.122,0.0,3.0,20.626,76.244,75.5,46.61,shortboard/6-4EAX,13,
US Blanks,"6'4""EAX",N24,52.244,0.437,2.6875,19.0,76.244,75.5,46.61,shortboard/6-4EAX,13,"thickness: catalog prints 2 13/16"" (7.14 cm) here; used 2 11/16"", the 6'4""EA plus 1/4"""
US Blanks,"6'4""EAX",N18,58.244,0.937,2.374,17.126,76.244,75.5,46.61,shortboard/6-4EAX,13,
US Blanks,"6'4""EAX",N12,64.244,1.811,2.0,14.189,76.244,75.5,46.61,shortboard/6-4EAX,13,
US Blanks,"6'4""EAX",N6,70.244,3.311,1.563,10.126,76.244,75.5,46.61,shortboard/6-4EAX,13,
US Blanks,"6'4""EAX",N0,76.244,5.5,1.185,4.126,76.244,75.5,46.61,shortboard/6-4EAX,13,
US Blanks,"6'4""MB",T0,0,2.0,1.5,9.0,76.874,76.126,52.0,shortboard/6-4MB,14,
US Blanks,"6'4""MB",T6,6,1.374,1.937,13.563,76.874,76.126,52.0,shortboard/6-4MB,14,
US Blanks,"6'4""MB",T12,12,0.874,2.311,16.752,76.874,76.126,52.0,shortboard/6-4MB,14,
US Blanks,"6'4""MB",T18,18,0.5,2.689,18.937,76.874,76.126,52.0,shortboard/6-4MB,14,
US Blanks,"6'4""MB",T24,24,0.252,2.937,20.311,76.874,76.126,52.0,shortboard/6-4MB,14,
US Blanks,"6'4""MB",C,38.437,0.0,3.189,21.437,76.874,76.126,52.0,shortboard/6-4MB,14,
US Blanks,"6'4""MB",N24,52.874,0.374,2.937,19.563,76.874,76.126,52.0,shortboard/6-4MB,14,
US Blanks,"6'4""MB",N18,58.874,0.811,2.689,17.689,76.874,76.126,52.0,shortboard/6-4MB,14,"rocker: catalog prints 3/16"" but 2.06 cm here; used the cm value (13/16"")"
US Blanks,"6'4""MB",N12,64.874,1.563,2.311,14.752,76.874,76.126,52.0,shortboard/6-4MB,14,
US Blanks,"6'4""MB",N6,70.874,2.811,1.811,10.626,76.874,76.126,52.0,shortboard/6-4MB,14,
US Blanks,"6'4""MB",N0,76.874,4.874,1.252,5.252,76.874,76.126,52.0,shortboard/6-4MB,14,
US Blanks,"6'5""A",T0,0,1.752,1.5,12.5,77.5,76.874,60.9,fish-eggs/6-5A,15,
US Blanks,"6'5""A",T6,6,1.311,1.752,16.0,77.5,76.874,60.9,fish-eggs/6-5A,15,
US Blanks,"6'5""A",T12,12,0.874,2.126,18.374,77.5,76.874,60.9,fish-eggs/6-5A,15,
US Blanks,"6'5""A",T18,18,0.563,2.5,20.252,77.5,76.874,60.9,fish-eggs/6-5A,15,
US Blanks,"6'5""A",T24,24,0.311,2.689,21.752,77.5,76.874,60.9,fish-eggs/6-5A,15,
US Blanks,"6'5""A",C,38.75,0.0,3.126,23.5,77.5,76.874,60.9,fish-eggs/6-5A,15,
US Blanks,"6'5""A",N24,53.5,0.563,2.874,22.5,77.5,76.874,60.9,fish-eggs/6-5A,15,
US Blanks,"6'5""A",N18,59.5,1.063,2.626,21.126,77.5,76.874,60.9,fish-eggs/6-5A,15,
US Blanks,"6'5""A",N12,65.5,1.874,2.189,18.874,77.5,76.874,60.9,fish-eggs/6-5A,15,
US Blanks,"6'5""A",N6,71.5,3.189,1.689,14.752,77.5,76.874,60.9,fish-eggs/6-5A,15,
US Blanks,"6'5""A",N0,77.5,5.063,1.244,7.5,77.5,76.874,60.9,fish-eggs/6-5A,15,
US Blanks,"6'5""AX",T0,0,1.752,1.752,12.5,77.5,76.874,66.5,fish-eggs/6-5-AX,16,
US Blanks,"6'5""AX",T6,6,1.311,2.0,16.0,77.5,76.874,66.5,fish-eggs/6-5-AX,16,
US Blanks,"6'5""AX",T12,12,0.874,2.374,18.374,77.5,76.874,66.5,fish-eggs/6-5-AX,16,
US Blanks,"6'5""AX",T18,18,0.563,2.752,20.252,77.5,76.874,66.5,fish-eggs/6-5-AX,16,
US Blanks,"6'5""AX",T24,24,0.311,2.937,21.752,77.5,76.874,66.5,fish-eggs/6-5-AX,16,
US Blanks,"6'5""AX",C,38.75,0.0,3.374,23.5,77.5,76.874,66.5,fish-eggs/6-5-AX,16,
US Blanks,"6'5""AX",N24,53.5,0.563,3.126,22.5,77.5,76.874,66.5,fish-eggs/6-5-AX,16,
US Blanks,"6'5""AX",N18,59.5,1.063,2.875,21.126,77.5,76.874,66.5,fish-eggs/6-5-AX,16,"thickness: catalog prints 2 7/8"" but 7.94 cm here; used the inch value"
US Blanks,"6'5""AX",N12,65.5,1.874,2.437,18.874,77.5,76.874,66.5,fish-eggs/6-5-AX,16,
US Blanks,"6'5""AX",N6,71.5,3.189,1.937,14.752,77.5,76.874,66.5,fish-eggs/6-5-AX,16,
US Blanks,"6'5""AX",N0,77.5,5.063,1.5,7.5,77.5,76.874,66.5,fish-eggs/6-5-AX,16,
US Blanks,"6'5""R",T0,0,2.252,1.374,9.252,77.5,76.752,56.0,shortboard/6-5R,17,
US Blanks,"6'5""R",T6,6,1.437,2.0,14.0,77.5,76.752,56.0,shortboard/6-5R,17,
US Blanks,"6'5""R",T12,12,0.689,2.437,17.0,77.5,76.752,56.0,shortboard/6-5R,17,
US Blanks,"6'5""R",T18,18,0.563,2.811,19.126,77.5,76.752,56.0,shortboard/6-5R,17,
US Blanks,"6'5""R",T24,24,0.252,3.063,20.626,77.5,76.752,56.0,shortboard/6-5R,17,
US Blanks,"6'5""R",C,38.75,0.0,3.25,21.752,77.5,76.752,56.0,shortboard/6-5R,17,"thickness: catalog prints 3 1/4"" but 8.62 cm here; used the inch value"
US Blanks,"6'5""R",N24,53.5,0.374,3.0,20.752,77.5,76.752,56.0,shortboard/6-5R,17,
US Blanks,"6'5""R",N18,59.5,0.874,2.752,19.252,77.5,76.752,56.0,shortboard/6-5R,17,
US Blanks,"6'5""R",N12,65.5,1.563,2.374,16.874,77.5,76.752,56.0,shortboard/6-5R,17,
US Blanks,"6'5""R",N6,71.5,2.563,1.937,13.126,77.5,76.752,56.0,shortboard/6-5R,17,
US Blanks,"6'5""R",N0,77.5,4.689,1.374,6.252,77.5,76.752,56.0,shortboard/6-5R,17,
US Blanks,"6'6""EA",T0,0,2.189,1.311,7.5,78.126,77.252,46.7,shortboard/6-6EA,18,
US Blanks,"6'6""EA",T6,6,1.563,1.626,12.5,78.126,77.252,46.7,shortboard/6-6EA,18,
US Blanks,"6'6""EA",T12,12,1.063,2.059,15.752,78.126,77.252,46.7,shortboard/6-6EA,18,
US Blanks,"6'6""EA",T18,18,0.626,2.374,18.126,78.126,77.252,46.7,shortboard/6-6EA,18,
US Blanks,"6'6""EA",T24,24,0.311,2.626,19.752,78.126,77.252,46.7,shortboard/6-6EA,18,
US Blanks,"6'6""EA",C,39.063,0.0,2.937,21.252,78.126,77.252,46.7,shortboard/6-6EA,18,
US Blanks,"6'6""EA",N24,54.126,0.5,2.563,19.563,78.126,77.252,46.7,shortboard/6-6EA,18,
US Blanks,"6'6""EA",N18,60.126,1.063,2.252,17.625,78.126,77.252,46.7,shortboard/6-6EA,18,"width: catalog prints 17 5/8"" but 37.15 cm here; used the inch value"
US Blanks,"6'6""EA",N12,66.126,1.874,1.874,14.626,78.126,77.252,46.7,shortboard/6-6EA,18,
US Blanks,"6'6""EA",N6,72.126,3.311,1.374,10.563,78.126,77.252,46.7,shortboard/6-6EA,18,
US Blanks,"6'6""EA",N0,78.126,5.311,1.0,4.252,78.126,77.252,46.7,shortboard/6-6EA,18,
US Blanks,"6'7""P",T0,0,2.374,1.0,6.752,79.0,78.252,43.6,shortboard/6-7P,19,
US Blanks,"6'7""P",T6,6,1.752,1.374,12.5,79.0,78.252,43.6,shortboard/6-7P,19,
US Blanks,"6'7""P",T12,12,1.189,1.811,15.874,79.0,78.252,43.6,shortboard/6-7P,19,
US Blanks,"6'7""P",T18,18,0.752,2.189,18.374,79.0,78.252,43.6,shortboard/6-7P,19,
US Blanks,"6'7""P",T24,24,0.374,2.437,19.937,79.0,78.252,43.6,shortboard/6-7P,19,
US Blanks,"6'7""P",C,39.5,0.0,2.752,21.5,79.0,78.252,43.6,shortboard/6-7P,19,
US Blanks,"6'7""P",N24,55.0,0.563,2.311,19.437,79.0,78.252,43.6,shortboard/6-7P,19,
US Blanks,"6'7""P",N18,61.0,1.126,2.0,17.374,79.0,78.252,43.6,shortboard/6-7P,19,
US Blanks,"6'7""P",N12,67.0,1.937,1.563,14.5,79.0,78.252,43.6,shortboard/6-7P,19,
US Blanks,"6'7""P",N6,73.0,3.252,1.126,10.252,79.0,78.252,43.6,shortboard/6-7P,19,
US Blanks,"6'7""P",N0,79.0,5.252,0.752,4.374,79.0,78.252,43.6,shortboard/6-7P,19,
US Blanks,"6'8""A",T0,0,1.752,1.5,9.5,79.752,79.0,55.3,shortboard/6-8A,20,
US Blanks,"6'8""A",T6,6,1.252,1.874,13.874,79.752,79.0,55.3,shortboard/6-8A,20,
US Blanks,"6'8""A",T12,12,0.874,2.252,16.752,79.752,79.0,55.3,shortboard/6-8A,20,
US Blanks,"6'8""A",T18,18,0.563,2.5,18.563,79.752,79.0,55.3,shortboard/6-8A,20,
US Blanks,"6'8""A",T24,24,0.311,2.689,20.063,79.752,79.0,55.3,shortboard/6-8A,20,
US Blanks,"6'8""A",C,39.876,0.0,2.937,21.874,79.752,79.0,55.3,shortboard/6-8A,20,
US Blanks,"6'8""A",N24,55.752,0.437,2.752,20.126,79.752,79.0,55.3,shortboard/6-8A,20,
US Blanks,"6'8""A",N18,61.752,0.874,2.5,18.374,79.752,79.0,55.3,shortboard/6-8A,20,
US Blanks,"6'8""A",N12,67.752,1.626,2.189,15.563,79.752,79.0,55.3,shortboard/6-8A,20,
US Blanks,"6'8""A",N6,73.752,3.0,1.689,10.874,79.752,79.0,55.3,shortboard/6-8A,20,
US Blanks,"6'8""A",N0,79.752,5.311,1.0,3.752,79.752,79.0,55.3,shortboard/6-8A,20,
US Blanks,"6'8""AX",T0,0,1.752,1.874,9.5,79.752,79.0,63.5,shortboard/6-8AX,21,
US Blanks,"6'8""AX",T6,6,1.252,2.252,13.874,79.752,79.0,63.5,shortboard/6-8AX,21,
US Blanks,"6'8""AX",T12,12,0.874,2.626,16.752,79.752,79.0,63.5,shortboard/6-8AX,21,
US Blanks,"6'8""AX",T18,18,0.563,2.874,18.563,79.752,79.0,63.5,shortboard/6-8AX,21,
US Blanks,"6'8""AX",T24,24,0.311,3.063,20.063,79.752,79.0,63.5,shortboard/6-8AX,21,
US Blanks,"6'8""AX",C,39.876,0.0,3.311,21.874,79.752,79.0,63.5,shortboard/6-8AX,21,
US Blanks,"6'8""AX",N24,55.752,0.437,3.126,20.126,79.752,79.0,63.5,shortboard/6-8AX,21,
US Blanks,"6'8""AX",N18,61.752,0.874,2.874,18.374,79.752,79.0,63.5,shortboard/6-8AX,21,
US Blanks,"6'8""AX",N12,67.752,1.626,2.563,15.563,79.752,79.0,63.5,shortboard/6-8AX,21,
US Blanks,"6'8""AX",N6,73.752,3.0,2.063,10.874,79.752,79.0,63.5,shortboard/6-8AX,21,
US Blanks,"6'8""AX",N0,79.752,5.311,1.374,3.752,79.752,79.0,63.5,shortboard/6-8AX,21,
US Blanks,"6'8""P",T0,0,2.189,1.0,6.5,79.5,78.752,44.4,shortboard/68P,22,
US Blanks,"6'8""P",T6,6,1.626,1.5,12.063,79.5,78.752,44.4,shortboard/68P,22,
US Blanks,"6'8""P",T12,12,1.126,1.874,15.689,79.5,78.752,44.4,shortboard/68P,22,
US Blanks,"6'8""P",T18,18,0.689,2.189,18.185,79.5,78.752,44.4,shortboard/68P,22,
US Blanks,"6'8""P",T24,24,0.374,2.437,19.752,79.5,78.752,44.4,shortboard/68P,22,
US Blanks,"6'8""P",C,39.75,0.0,2.752,21.374,79.5,78.752,44.4,shortboard/68P,22,
US Blanks,"6'8""P",N24,55.5,0.5,2.374,19.252,79.5,78.752,44.4,shortboard/68P,22,
US Blanks,"6'8""P",N18,61.5,1.0,2.063,17.252,79.5,78.752,44.4,shortboard/68P,22,
US Blanks,"6'8""P",N12,67.5,1.811,1.685,14.5,79.5,78.752,44.4,shortboard/68P,22,
US Blanks,"6'8""P",N6,73.5,3.063,1.189,10.5,79.5,78.752,44.4,shortboard/68P,22,
US Blanks,"6'8""P",N0,79.5,5.063,0.874,4.5,79.5,78.752,44.4,shortboard/68P,22,
US Blanks,"6'8""RP",T0,0,2.126,1.437,13.752,81.5,80.752,63.8,fish-eggs/68RP,23,
US Blanks,"6'8""RP",T6,6,1.5,1.811,17.374,81.5,80.752,63.8,fish-eggs/68RP,23,
US Blanks,"6'8""RP",T12,12,1.063,2.189,20.0,81.5,80.752,63.8,fish-eggs/68RP,23,
US Blanks,"6'8""RP",T18,18,0.626,2.5,21.937,81.5,80.752,63.8,fish-eggs/68RP,23,
US Blanks,"6'8""RP",T24,24,0.374,2.74,23.374,81.5,80.752,63.8,fish-eggs/68RP,23,
US Blanks,"6'8""RP",C,40.75,0.0,3.0,25.126,81.5,80.752,63.8,fish-eggs/68RP,23,
US Blanks,"6'8""RP",N24,57.5,0.437,2.689,23.374,81.5,80.752,63.8,fish-eggs/68RP,23,
US Blanks,"6'8""RP",N18,63.5,0.937,2.437,21.5,81.5,80.752,63.8,fish-eggs/68RP,23,
US Blanks,"6'8""RP",N12,69.5,1.752,2.126,18.563,81.5,80.752,63.8,fish-eggs/68RP,23,
US Blanks,"6'8""RP",N6,75.5,3.063,1.689,14.311,81.5,80.752,63.8,fish-eggs/68RP,23,
US Blanks,"6'8""RP",N0,81.5,5.0,1.252,7.5,81.5,80.752,63.8,fish-eggs/68RP,23,
US Blanks,"6'9""EA",T0,0,2.5,1.126,7.0,81.0,80.0,48.3,shortboard/69EA,24,
US Blanks,"6'9""EA",T6,6,1.752,1.626,12.374,81.0,80.0,48.3,shortboard/69EA,24,
US Blanks,"6'9""EA",T12,12,1.189,2.0,15.626,81.0,80.0,48.3,shortboard/69EA,24,
US Blanks,"6'9""EA",T18,18,0.752,2.374,17.874,81.0,80.0,48.3,shortboard/69EA,24,
US Blanks,"6'9""EA",T24,24,0.437,2.626,19.563,81.0,80.0,48.3,shortboard/69EA,24,
US Blanks,"6'9""EA",C,40.5,0.0,2.937,21.311,81.0,80.0,48.3,shortboard/69EA,24,
US Blanks,"6'9""EA",N24,57.0,0.563,2.5,19.126,81.0,80.0,48.3,shortboard/69EA,24,
US Blanks,"6'9""EA",N18,63.0,1.126,2.189,17.063,81.0,80.0,48.3,shortboard/69EA,24,
US Blanks,"6'9""EA",N12,69.0,2.0,1.874,14.126,81.0,80.0,48.3,shortboard/69EA,24,
US Blanks,"6'9""EA",N6,75.0,3.437,1.374,10.125,81.0,80.0,48.3,shortboard/69EA,24,"width: catalog prints 10 1/8"" but 35.88 cm here; used the inch value"
US Blanks,"6'9""EA",N0,81.0,5.563,0.937,4.0,81.0,80.0,48.3,shortboard/69EA,24,
US Blanks,"6'9""EAX",T0,0,2.5,1.374,7.0,81.0,80.0,54.6,shortboard/69EA,25,
US Blanks,"6'9""EAX",T6,6,1.752,1.874,12.374,81.0,80.0,54.6,shortboard/69EA,25,
US Blanks,"6'9""EAX",T12,12,1.189,2.252,15.626,81.0,80.0,54.6,shortboard/69EA,25,
US Blanks,"6'9""EAX",T18,18,0.752,2.626,17.874,81.0,80.0,54.6,shortboard/69EA,25,
US Blanks,"6'9""EAX",T24,24,0.437,2.874,19.563,81.0,80.0,54.6,shortboard/69EA,25,
US Blanks,"6'9""EAX",C,40.5,0.0,3.189,21.311,81.0,80.0,54.6,shortboard/69EA,25,
US Blanks,"6'9""EAX",N24,57.0,0.563,2.74,19.126,81.0,80.0,54.6,shortboard/69EA,25,
US Blanks,"6'9""EAX",N18,63.0,1.126,2.437,17.063,81.0,80.0,54.6,shortboard/69EA,25,
US Blanks,"6'9""EAX",N12,69.0,2.0,2.126,14.126,81.0,80.0,54.6,shortboard/69EA,25,
US Blanks,"6'9""EAX",N6,75.0,3.437,1.626,10.125,81.0,80.0,54.6,shortboard/69EA,25,"width: catalog prints 10 1/8"" but 35.88 cm here; used the inch value"
US Blanks,"6'9""EAX",N0,81.0,5.563,1.189,4.0,81.0,80.0,54.6,shortboard/69EA,25,"thickness: catalog prints 13/16"" but 3.02 cm here; used the cm value (1 3/16"")"
US Blanks,"6'9""R",T0,0,2.374,1.5,9.626,82.252,81.626,68.1,shortboard/69R,26,
US Blanks,"6'9""R",T6,6,1.752,2.063,14.626,82.252,81.626,68.1,shortboard/69R,26,
US Blanks,"6'9""R",T12,12,1.189,2.563,17.752,82.252,81.626,68.1,shortboard/69R,26,
US Blanks,"6'9""R",T18,18,0.752,3.0,19.937,82.252,81.626,68.1,shortboard/69R,26,
US Blanks,"6'9""R",T24,24,0.437,3.252,21.437,82.252,81.626,68.1,shortboard/69R,26,
US Blanks,"6'9""R",C,41.126,0.0,3.563,23.126,82.252,81.626,68.1,shortboard/69R,26,
US Blanks,"6'9""R",N24,58.252,0.437,3.189,21.752,82.252,81.626,68.1,shortboard/69R,26,
US Blanks,"6'9""R",N18,64.252,1.0,2.874,20.0,82.252,81.626,68.1,shortboard/69R,26,
US Blanks,"6'9""R",N12,70.252,1.752,2.437,17.374,82.252,81.626,68.1,shortboard/69R,26,
US Blanks,"6'9""R",N6,76.252,3.0,1.752,13.0,82.252,81.626,68.1,shortboard/69R,26,
US Blanks,"6'9""R",N0,82.252,4.874,1.126,6.0,82.252,81.626,68.1,shortboard/69R,26,
US Blanks,"6'10""A",T0,0,1.874,1.874,12.0,83.374,82.626,77.74,fish-eggs/610A,27,
US Blanks,"6'10""A",T6,6,1.5,2.189,15.752,83.374,82.626,77.74,fish-eggs/610A,27,"rocker: catalog prints 1 1/2"" but 3.18 cm here; used the inch value"
US Blanks,"6'10""A",T12,12,1.063,2.5,18.311,83.374,82.626,77.74,fish-eggs/610A,27,
US Blanks,"6'10""A",T18,18,0.752,2.811,20.252,83.374,82.626,77.74,fish-eggs/610A,27,
US Blanks,"6'10""A",T24,24,0.437,3.126,21.752,83.374,82.626,77.74,fish-eggs/610A,27,
US Blanks,"6'10""A",T36,36,0.063,3.563,23.626,83.374,82.626,77.74,fish-eggs/610A,27,
US Blanks,"6'10""A",C,41.687,0.0,3.626,24.0,83.374,82.626,77.74,fish-eggs/610A,27,
US Blanks,"6'10""A",N36,47.374,0.063,3.626,24.0,83.374,82.626,77.74,fish-eggs/610A,27,
US Blanks,"6'10""A",N24,59.374,0.563,3.374,22.752,83.374,82.626,77.74,fish-eggs/610A,27,
US Blanks,"6'10""A",N18,65.374,1.126,3.063,21.252,83.374,82.626,77.74,fish-eggs/610A,27,
US Blanks,"6'10""A",N12,71.374,2.0,2.626,18.811,83.374,82.626,77.74,fish-eggs/610A,27,
US Blanks,"6'10""A",N6,77.374,3.252,2.126,14.937,83.374,82.626,77.74,fish-eggs/610A,27,
US Blanks,"6'10""A",N0,83.374,4.752,1.811,7.5,83.374,82.626,77.74,fish-eggs/610A,27,
US Blanks,"6'10""RH",T0,0,2.311,1.563,8.252,83.22,82.5,69.69,fish-eggs/610-RH,28,
US Blanks,"6'10""RH",T6,6,1.626,2.063,14.5,83.22,82.5,69.69,fish-eggs/610-RH,28,
US Blanks,"6'10""RH",T12,12,1.063,2.5,17.748,83.22,82.5,69.69,fish-eggs/610-RH,28,
US Blanks,"6'10""RH",T18,18,0.693,2.811,19.874,83.22,82.5,69.69,fish-eggs/610-RH,28,
US Blanks,"6'10""RH",T24,24,0.374,3.063,21.437,83.22,82.5,69.69,fish-eggs/610-RH,28,
US Blanks,"6'10""RH",T36,36,0.063,3.374,23.126,83.22,82.5,69.69,fish-eggs/610-RH,28,
US Blanks,"6'10""RH",C,41.61,0.0,3.374,23.5,83.22,82.5,69.69,fish-eggs/610-RH,28,
US Blanks,"6'10""RH",N36,47.22,0.063,3.374,23.5,83.22,82.5,69.69,fish-eggs/610-RH,28,
US Blanks,"6'10""RH",N24,59.22,0.437,3.126,22.689,83.22,82.5,69.69,fish-eggs/610-RH,28,
US Blanks,"6'10""RH",N18,65.22,0.811,2.8125,21.5,83.22,82.5,69.69,fish-eggs/610-RH,28,"thickness: catalog prints 2 13/16"" but 7.94 cm here; used the inch value"
US Blanks,"6'10""RH",N12,71.22,1.5,2.437,19.311,83.22,82.5,69.69,fish-eggs/610-RH,28,
US Blanks,"6'10""RH",N6,77.22,2.5,1.937,15.126,83.22,82.5,69.69,fish-eggs/610-RH,28,
US Blanks,"6'10""RH",N0,83.22,4.122,1.559,0,83.22,82.5,69.69,fish-eggs/610-RH,28,"width 0: rounded nose, not printed in catalog"
US Blanks,"7'0""A",T0,0,2.0,1.374,8.5,83.5,82.752,60.0,shortboards/70A,29,
US Blanks,"7'0""A",T6,6,1.5,1.874,12.752,83.5,82.752,60.0,shortboards/70A,29,
US Blanks,"7'0""A",T12,12,1.063,2.189,15.748,83.5,82.752,60.0,shortboards/70A,29,
US Blanks,"7'0""A",T18,18,0.689,2.5,17.874,83.5,82.752,60.0,shortboards/70A,29,
US Blanks,"7'0""A",T24,24,0.437,2.752,19.626,83.5,82.752,60.0,shortboards/70A,29,
US Blanks,"7'0""A",T36,36,0.063,3.126,21.563,83.5,82.752,60.0,shortboards/70A,29,
US Blanks,"7'0""A",C,41.75,0.0,3.189,22.063,83.5,82.752,60.0,shortboards/70A,29,
US Blanks,"7'0""A",N36,47.5,0.031,3.126,21.874,83.5,82.752,60.0,shortboards/70A,29,
US Blanks,"7'0""A",N24,59.5,0.5,2.811,20.126,83.5,82.752,60.0,shortboards/70A,29,
US Blanks,"7'0""A",N18,65.5,1.0,2.5,18.374,83.5,82.752,60.0,shortboards/70A,29,
US Blanks,"7'0""A",N12,71.5,1.752,2.063,15.626,83.5,82.752,60.0,shortboards/70A,29,
US Blanks,"7'0""A",N6,77.5,3.126,1.563,11.437,83.5,82.752,60.0,shortboards/70A,29,
US Blanks,"7'0""A",N0,83.5,5.5,1.0,4.626,83.5,82.752,60.0,shortboards/70A,29,
US Blanks,"7'1""A",T0,0,2.063,1.311,9.0,84.874,83.874,58.1,shortboards/71A,30,
US Blanks,"7'1""A",T6,6,1.437,1.811,12.752,84.874,83.874,58.1,shortboards/71A,30,
US Blanks,"7'1""A",T12,12,1.0,2.126,15.626,84.874,83.874,58.1,shortboards/71A,30,
US Blanks,"7'1""A",T18,18,0.689,2.437,17.811,84.874,83.874,58.1,shortboards/71A,30,
US Blanks,"7'1""A",T24,24,0.374,2.626,19.5625,84.874,83.874,58.1,shortboards/71A,30,"width: catalog prints 19 9/16"" but 44.69 cm here; used the inch value"
US Blanks,"7'1""A",T36,36,0.063,2.937,21.752,84.874,83.874,58.1,shortboards/71A,30,
US Blanks,"7'1""A",C,42.437,0.0,3.0,22.189,84.874,83.874,58.1,shortboards/71A,30,
US Blanks,"7'1""A",N36,48.874,0.094,3.0,22.063,84.874,83.874,58.1,shortboards/71A,30,
US Blanks,"7'1""A",N24,60.874,0.689,2.752,20.189,84.874,83.874,58.1,shortboards/71A,30,
US Blanks,"7'1""A",N18,66.874,1.252,2.5,18.374,84.874,83.874,58.1,shortboards/71A,30,
US Blanks,"7'1""A",N12,72.874,2.063,2.189,15.5,84.874,83.874,58.1,shortboards/71A,30,
US Blanks,"7'1""A",N6,78.874,3.5,1.752,11.126,84.874,83.874,58.1,shortboards/71A,30,
US Blanks,"7'1""A",N0,84.874,5.689,1.126,4.5,84.874,83.874,58.1,shortboards/71A,30,
US Blanks,"7'1""EA",T0,0,2.252,1.0,6.0,84.5,83.752,54.6,fun-boards/71EA,31,
US Blanks,"7'1""EA",T6,6,1.5,1.626,12.437,84.5,83.752,54.6,fun-boards/71EA,31,
US Blanks,"7'1""EA",T12,12,1.0,2.126,16.252,84.5,83.752,54.6,fun-boards/71EA,31,
US Blanks,"7'1""EA",T18,18,0.626,2.437,18.689,84.5,83.752,54.6,fun-boards/71EA,31,
US Blanks,"7'1""EA",T24,24,0.311,2.689,20.5,84.5,83.752,54.6,fun-boards/71EA,31,
US Blanks,"7'1""EA",T36,36,0.063,2.937,22.311,84.5,83.752,54.6,fun-boards/71EA,31,
US Blanks,"7'1""EA",C,42.25,0.0,3.0,22.563,84.5,83.752,54.6,fun-boards/71EA,31,
US Blanks,"7'1""EA",N36,48.5,0.031,2.937,22.311,84.5,83.752,54.6,fun-boards/71EA,31,
US Blanks,"7'1""EA",N24,60.5,0.563,2.689,20.437,84.5,83.752,54.6,fun-boards/71EA,31,
US Blanks,"7'1""EA",N18,66.5,1.126,2.374,18.626,84.5,83.752,54.6,fun-boards/71EA,31,
US Blanks,"7'1""EA",N12,72.5,1.937,2.0,15.752,84.5,83.752,54.6,fun-boards/71EA,31,
US Blanks,"7'1""EA",N6,78.5,3.311,1.5,11.126,84.5,83.752,54.6,fun-boards/71EA,31,"thickness: catalog prints 1 1/2"" but 3.49 cm here; used the inch value"
US Blanks,"7'1""EA",N0,84.5,5.374,0.874,3.252,84.5,83.752,54.6,fun-boards/71EA,31,
US Blanks,"7'2""EA",T0,0,2.563,1.374,6.252,86.5,85.874,53.4,guns/72EA,32,
US Blanks,"7'2""EA",T6,6,1.937,1.689,11.937,86.5,85.874,53.4,guns/72EA,32,
US Blanks,"7'2""EA",T12,12,1.311,2.063,15.252,86.5,85.874,53.4,guns/72EA,32,
US Blanks,"7'2""EA",T18,18,0.811,2.374,17.563,86.5,85.874,53.4,guns/72EA,32,
US Blanks,"7'2""EA",T24,24,0.5,2.626,19.374,86.5,85.874,53.4,guns/72EA,32,
US Blanks,"7'2""EA",T36,36,0.063,2.874,21.437,86.5,85.874,53.4,guns/72EA,32,
US Blanks,"7'2""EA",C,43.25,0.0,2.937,21.626,86.5,85.874,53.4,guns/72EA,32,
US Blanks,"7'2""EA",N36,50.5,0.063,2.874,21.189,86.5,85.874,53.4,guns/72EA,32,
US Blanks,"7'2""EA",N24,62.5,0.626,2.563,18.563,86.5,85.874,53.4,guns/72EA,32,
US Blanks,"7'2""EA",N18,68.5,1.252,2.252,16.252,86.5,85.874,53.4,guns/72EA,32,
US Blanks,"7'2""EA",N12,74.5,2.311,1.811,13.252,86.5,85.874,53.4,guns/72EA,32,
US Blanks,"7'2""EA",N6,80.5,3.874,1.311,9.252,86.5,85.874,53.4,guns/72EA,32,
US Blanks,"7'2""EA",N0,86.5,6.063,0.937,3.5,86.5,85.874,53.4,guns/72EA,32,
US Blanks,"7'2""EAX",T0,0,2.563,1.626,6.252,86.5,85.874,59.7,guns/7-2-EAX,33,
US Blanks,"7'2""EAX",T6,6,1.937,1.937,11.937,86.5,85.874,59.7,guns/7-2-EAX,33,
US Blanks,"7'2""EAX",T12,12,1.311,2.311,15.252,86.5,85.874,59.7,guns/7-2-EAX,33,
US Blanks,"7'2""EAX",T18,18,0.811,2.626,17.563,86.5,85.874,59.7,guns/7-2-EAX,33,
US Blanks,"7'2""EAX",T24,24,0.5,2.874,19.374,86.5,85.874,59.7,guns/7-2-EAX,33,
US Blanks,"7'2""EAX",T36,36,0.063,3.126,21.437,86.5,85.874,59.7,guns/7-2-EAX,33,
US Blanks,"7'2""EAX",C,43.25,0.0,3.189,21.626,86.5,85.874,59.7,guns/7-2-EAX,33,
US Blanks,"7'2""EAX",N36,50.5,0.063,3.126,21.189,86.5,85.874,59.7,guns/7-2-EAX,33,
US Blanks,"7'2""EAX",N24,62.5,0.626,2.811,18.563,86.5,85.874,59.7,guns/7-2-EAX,33,
US Blanks,"7'2""EAX",N18,68.5,1.252,2.5,16.252,86.5,85.874,59.7,guns/7-2-EAX,33,
US Blanks,"7'2""EAX",N12,74.5,2.311,2.063,13.252,86.5,85.874,59.7,guns/7-2-EAX,33,
US Blanks,"7'2""EAX",N6,80.5,3.874,1.563,9.252,86.5,85.874,59.7,guns/7-2-EAX,33,
US Blanks,"7'2""EAX",N0,86.5,6.063,1.189,3.5,86.5,85.874,59.7,guns/7-2-EAX,33,
US Blanks,"7'3""A",T0,0,2.063,1.5,11.0,86.874,86.374,77.7,fish-eggs/73A,34,
US Blanks,"7'3""A",T6,6,1.626,1.937,15.0625,86.874,86.374,77.7,fish-eggs/73A,34,"width: catalog prints 15 1/16"" but 38.52 cm here; used the inch value"
US Blanks,"7'3""A",T12,12,1.189,2.311,17.752,86.874,86.374,77.7,fish-eggs/73A,34,
US Blanks,"7'3""A",T18,18,0.811,2.689,19.811,86.874,86.374,77.7,fish-eggs/73A,34,
US Blanks,"7'3""A",T24,24,0.5,3.0,21.374,86.874,86.374,77.7,fish-eggs/73A,34,
US Blanks,"7'3""A",T36,36,0.094,3.437,23.5,86.874,86.374,77.7,fish-eggs/73A,34,
US Blanks,"7'3""A",C,43.437,0.0,3.563,24.0,86.874,86.374,77.7,fish-eggs/73A,34,
US Blanks,"7'3""A",N36,50.874,0.126,3.563,24.0,86.874,86.374,77.7,fish-eggs/73A,34,
US Blanks,"7'3""A",N24,62.874,0.752,3.189,22.5,86.874,86.374,77.7,fish-eggs/73A,34,
US Blanks,"7'3""A",N18,68.874,1.374,2.874,21.0,86.874,86.374,77.7,fish-eggs/73A,34,
US Blanks,"7'3""A",N12,74.874,2.252,2.437,18.5,86.874,86.374,77.7,fish-eggs/73A,34,
US Blanks,"7'3""A",N6,80.874,3.5,1.874,14.5,86.874,86.374,77.7,fish-eggs/73A,34,
US Blanks,"7'3""A",N0,86.874,5.311,1.374,7.374,86.874,86.374,77.7,fish-eggs/73A,34,
US Blanks,"7'4""SP",T0,0,2.374,1.374,7.5,89.689,88.752,77.1,fish-eggs/74SP,35,
US Blanks,"7'4""SP",T6,6,1.626,1.937,14.0,89.689,88.752,77.1,fish-eggs/74SP,35,
US Blanks,"7'4""SP",T12,12,1.126,2.374,17.5,89.689,88.752,77.1,fish-eggs/74SP,35,
US Blanks,"7'4""SP",T18,18,0.752,2.689,19.874,89.689,88.752,77.1,fish-eggs/74SP,35,
US Blanks,"7'4""SP",T24,24,0.437,2.937,21.437,89.689,88.752,77.1,fish-eggs/74SP,35,
US Blanks,"7'4""SP",T36,36,0.063,3.252,23.374,89.689,88.752,77.1,fish-eggs/74SP,35,
US Blanks,"7'4""SP",C,44.844,0.0,3.374,24.063,89.689,88.752,77.1,fish-eggs/74SP,35,
US Blanks,"7'4""SP",N36,53.689,0.063,3.311,24.189,89.689,88.752,77.1,fish-eggs/74SP,35,
US Blanks,"7'4""SP",N24,65.689,0.5,3.0,23.311,89.689,88.752,77.1,fish-eggs/74SP,35,
US Blanks,"7'4""SP",N18,71.689,0.937,2.689,22.189,89.689,88.752,77.1,fish-eggs/74SP,35,
US Blanks,"7'4""SP",N12,77.689,1.563,2.252,20.374,89.689,88.752,77.1,fish-eggs/74SP,35,
US Blanks,"7'4""SP",N6,83.689,2.5,1.874,17.252,89.689,88.752,77.1,fish-eggs/74SP,35,
US Blanks,"7'4""SP",N0,89.689,4.126,1.5,0,89.689,88.752,77.1,fish-eggs/74SP,35,"width 0: rounded nose, not printed in catalog"
US Blanks,"7'5""A",T0,0,2.126,1.374,8.5,88.5,87.437,60.2,fun-boards/75A,36,
US Blanks,"7'5""A",T6,6,1.626,1.752,12.689,88.5,87.437,60.2,fun-boards/75A,36,
US Blanks,"7'5""A",T12,12,1.1875,2.063,15.374,88.5,87.437,60.2,fun-boards/75A,36,"rocker: catalog prints 1 3/16"" but 2.06 cm here; used the inch value"
US Blanks,"7'5""A",T18,18,0.811,2.374,17.5,88.5,87.437,60.2,fun-boards/75A,36,
US Blanks,"7'5""A",T24,24,0.5,2.563,19.189,88.5,87.437,60.2,fun-boards/75A,36,
US Blanks,"7'5""A",T36,36,0.094,2.874,21.244,88.5,87.437,60.2,fun-boards/75A,36,
US Blanks,"7'5""A",C,44.25,0.0,3.0,21.874,88.5,87.437,60.2,fun-boards/75A,36,
US Blanks,"7'5""A",N36,52.5,0.126,2.937,21.626,88.5,87.437,60.2,fun-boards/75A,36,
US Blanks,"7'5""A",N24,64.5,0.689,2.626,19.689,88.5,87.437,60.2,fun-boards/75A,36,
US Blanks,"7'5""A",N18,70.5,1.189,2.374,18.0,88.5,87.437,60.2,fun-boards/75A,36,
US Blanks,"7'5""A",N12,76.5,2.063,2.0,15.189,88.5,87.437,60.2,fun-boards/75A,36,
US Blanks,"7'5""A",N6,82.5,3.563,1.5,11.0,88.5,87.437,60.2,fun-boards/75A,36,
US Blanks,"7'5""A",N0,88.5,6.0,1.0,4.752,88.5,87.437,60.2,fun-boards/75A,36,
US Blanks,"7'6""EA",T0,0,2.311,1.374,6.626,90.0,89.374,64.6,fun-boards/76EA,37,
US Blanks,"7'6""EA",T6,6,1.752,1.752,12.626,90.0,89.374,64.6,fun-boards/76EA,37,
US Blanks,"7'6""EA",T12,12,1.252,2.126,16.126,90.0,89.374,64.6,fun-boards/76EA,37,
US Blanks,"7'6""EA",T18,18,0.874,2.437,18.5,90.0,89.374,64.6,fun-boards/76EA,37,
US Blanks,"7'6""EA",T24,24,0.5,2.689,20.374,90.0,89.374,64.6,fun-boards/76EA,37,
US Blanks,"7'6""EA",T36,36,0.126,3.063,22.437,90.0,89.374,64.6,fun-boards/76EA,37,
US Blanks,"7'6""EA",C,45.0,0.0,3.189,22.937,90.0,89.374,64.6,fun-boards/76EA,37,
US Blanks,"7'6""EA",N36,54.0,0.126,3.126,22.626,90.0,89.374,64.6,fun-boards/76EA,37,
US Blanks,"7'6""EA",N24,66.0,0.689,2.752,20.626,90.0,89.374,64.6,fun-boards/76EA,37,
US Blanks,"7'6""EA",N18,72.0,1.252,2.5,18.689,90.0,89.374,64.6,fun-boards/76EA,37,
US Blanks,"7'6""EA",N12,78.0,2.063,2.063,15.626,90.0,89.374,64.6,fun-boards/76EA,37,
US Blanks,"7'6""EA",N6,84.0,3.437,1.5,10.937,90.0,89.374,64.6,fun-boards/76EA,37,
US Blanks,"7'6""EA",N0,90.0,5.374,1.063,2.874,90.0,89.374,64.6,fun-boards/76EA,37,
US Blanks,"7'6""EAX",T0,0,2.311,1.752,6.626,90.0,89.374,73.5,fun-boards/7-6-EAX,38,
US Blanks,"7'6""EAX",T6,6,1.752,2.126,12.626,90.0,89.374,73.5,fun-boards/7-6-EAX,38,
US Blanks,"7'6""EAX",T12,12,1.252,2.5,16.126,90.0,89.374,73.5,fun-boards/7-6-EAX,38,
US Blanks,"7'6""EAX",T18,18,0.874,2.811,18.5,90.0,89.374,73.5,fun-boards/7-6-EAX,38,
US Blanks,"7'6""EAX",T24,24,0.5,3.063,20.374,90.0,89.374,73.5,fun-boards/7-6-EAX,38,
US Blanks,"7'6""EAX",T36,36,0.126,3.437,22.437,90.0,89.374,73.5,fun-boards/7-6-EAX,38,
US Blanks,"7'6""EAX",C,45.0,0.0,3.563,22.937,90.0,89.374,73.5,fun-boards/7-6-EAX,38,
US Blanks,"7'6""EAX",N36,54.0,0.126,3.5,22.626,90.0,89.374,73.5,fun-boards/7-6-EAX,38,
US Blanks,"7'6""EAX",N24,66.0,0.689,3.126,20.626,90.0,89.374,73.5,fun-boards/7-6-EAX,38,
US Blanks,"7'6""EAX",N18,72.0,1.252,2.874,18.689,90.0,89.374,73.5,fun-boards/7-6-EAX,38,
US Blanks,"7'6""EAX",N12,78.0,2.063,2.437,15.626,90.0,89.374,73.5,fun-boards/7-6-EAX,38,
US Blanks,"7'6""EAX",N6,84.0,3.437,1.874,10.937,90.0,89.374,73.5,fun-boards/7-6-EAX,38,
US Blanks,"7'6""EAX",N0,90.0,5.374,1.437,2.874,90.0,89.374,73.5,fun-boards/7-6-EAX,38,
US Blanks,"7'7""A",T0,0,2.189,1.5,9.752,90.626,90.0,74.6,fun-boards/77A,39,
US Blanks,"7'7""A",T6,6,1.689,1.937,13.5,90.626,90.0,74.6,fun-boards/77A,39,
US Blanks,"7'7""A",T12,12,1.252,2.311,16.126,90.626,90.0,74.6,fun-boards/77A,39,
US Blanks,"7'7""A",T18,18,0.811,2.626,18.126,90.626,90.0,74.6,fun-boards/77A,39,
US Blanks,"7'7""A",T24,24,0.563,2.874,19.937,90.626,90.0,74.6,fun-boards/77A,39,
US Blanks,"7'7""A",T36,36,0.126,3.311,22.126,90.626,90.0,74.6,fun-boards/77A,39,
US Blanks,"7'7""A",C,45.313,0.0,3.437,22.874,90.626,90.0,74.6,fun-boards/77A,39,
US Blanks,"7'7""A",N36,54.626,0.189,3.437,22.689,90.626,90.0,74.6,fun-boards/77A,39,
US Blanks,"7'7""A",N24,66.626,0.937,3.063,20.752,90.626,90.0,74.6,fun-boards/77A,39,
US Blanks,"7'7""A",N18,72.626,1.626,2.752,19.0,90.626,90.0,74.6,fun-boards/77A,39,
US Blanks,"7'7""A",N12,78.626,2.563,2.311,16.252,90.626,90.0,74.6,fun-boards/77A,39,
US Blanks,"7'7""A",N6,84.626,4.0,1.626,11.811,90.626,90.0,74.6,fun-boards/77A,39,
US Blanks,"7'7""A",N0,90.626,6.0,1.378,4.752,90.626,90.0,74.6,fun-boards/77A,39,
US Blanks,"7'8""A",T0,0,2.252,1.811,10.0,92.752,91.736,91.58,fun-boards/78A,40,
US Blanks,"7'8""A",T6,6,1.752,2.189,14.752,92.752,91.736,91.58,fun-boards/78A,40,
US Blanks,"7'8""A",T12,12,1.311,2.563,17.5,92.752,91.736,91.58,fun-boards/78A,40,
US Blanks,"7'8""A",T18,18,0.937,3.0,19.689,92.752,91.736,91.58,fun-boards/78A,40,
US Blanks,"7'8""A",T24,24,0.626,3.311,21.252,92.752,91.736,91.58,fun-boards/78A,40,
US Blanks,"7'8""A",T36,36,0.126,3.752,23.5,92.752,91.736,91.58,fun-boards/78A,40,
US Blanks,"7'8""A",C,46.376,0.0,3.937,24.374,92.752,91.736,91.58,fun-boards/78A,40,
US Blanks,"7'8""A",N36,56.752,0.126,3.811,24.126,92.752,91.736,91.58,fun-boards/78A,40,
US Blanks,"7'8""A",N24,68.752,0.811,3.437,22.626,92.752,91.736,91.58,fun-boards/78A,40,
US Blanks,"7'8""A",N18,74.752,1.437,3.063,21.0,92.752,91.736,91.58,fun-boards/78A,40,
US Blanks,"7'8""A",N12,80.752,2.311,2.626,18.252,92.752,91.736,91.58,fun-boards/78A,40,
US Blanks,"7'8""A",N6,86.752,3.626,2.126,14.248,92.752,91.736,91.58,fun-boards/78A,40,
US Blanks,"7'8""A",N0,92.752,5.5,1.689,7.5,92.752,91.736,91.58,fun-boards/78A,40,
US Blanks,"7'8""EA",T0,0,2.626,1.374,6.563,93.0,92.189,57.5,guns/78EA,41,
US Blanks,"7'8""EA",T6,6,1.937,1.626,11.374,93.0,92.189,57.5,guns/78EA,41,
US Blanks,"7'8""EA",T12,12,1.374,2.0,14.5,93.0,92.189,57.5,guns/78EA,41,
US Blanks,"7'8""EA",T18,18,1.0,2.311,16.874,93.0,92.189,57.5,guns/78EA,41,
US Blanks,"7'8""EA",T24,24,0.626,2.563,18.811,93.0,92.189,57.5,guns/78EA,41,
US Blanks,"7'8""EA",T36,36,0.126,2.874,21.126,93.0,92.189,57.5,guns/78EA,41,
US Blanks,"7'8""EA",C,46.5,0.0,3.0,21.874,93.0,92.189,57.5,guns/78EA,41,
US Blanks,"7'8""EA",N36,57.0,0.126,3.0,21.0,93.0,92.189,57.5,guns/78EA,41,
US Blanks,"7'8""EA",N24,69.0,0.811,2.563,18.189,93.0,92.189,57.5,guns/78EA,41,
US Blanks,"7'8""EA",N18,75.0,1.5,2.252,16.0,93.0,92.189,57.5,guns/78EA,41,
US Blanks,"7'8""EA",N12,81.0,2.5,1.811,12.752,93.0,92.189,57.5,guns/78EA,41,
US Blanks,"7'8""EA",N6,87.0,4.0,1.374,8.874,93.0,92.189,57.5,guns/78EA,41,
US Blanks,"7'8""EA",N0,93.0,6.189,1.0,3.154,93.0,92.189,57.5,guns/78EA,41,
US Blanks,"7'9""H",T0,0,2.937,1.189,8.5,92.626,92.374,71.2,fish-eggs/79H,42,
US Blanks,"7'9""H",T6,6,2.25,1.626,13.689,92.626,92.374,71.2,fish-eggs/79H,42,"rocker: catalog prints 2 1/4"" but 5.40 cm here; used the inch value"
US Blanks,"7'9""H",T12,12,1.689,2.063,17.063,92.626,92.374,71.2,fish-eggs/79H,42,
US Blanks,"7'9""H",T18,18,1.189,2.374,19.252,92.626,92.374,71.2,fish-eggs/79H,42,
US Blanks,"7'9""H",T24,24,0.811,2.626,20.874,92.626,92.374,71.2,fish-eggs/79H,42,
US Blanks,"7'9""H",T36,36,0.189,3.063,22.752,92.626,92.374,71.2,fish-eggs/79H,42,
US Blanks,"7'9""H",C,46.313,0.0,3.189,23.563,92.626,92.374,71.2,fish-eggs/79H,42,
US Blanks,"7'9""H",N36,56.626,0.189,3.0,23.5,92.626,92.374,71.2,fish-eggs/79H,42,
US Blanks,"7'9""H",N24,68.626,0.874,2.626,22.626,92.626,92.374,71.2,fish-eggs/79H,42,
US Blanks,"7'9""H",N18,74.626,1.311,2.311,21.5,92.626,92.374,71.2,fish-eggs/79H,42,
US Blanks,"7'9""H",N12,80.626,1.874,2.063,19.752,92.626,92.374,71.2,fish-eggs/79H,42,
US Blanks,"7'9""H",N6,86.626,2.563,1.689,16.252,92.626,92.374,71.2,fish-eggs/79H,42,
US Blanks,"7'9""H",N0,92.626,3.5,1.126,0,92.626,92.374,71.2,fish-eggs/79H,42,"width 0: rounded nose, not printed in catalog"
US Blanks,"7'9""HX",T0,0,2.937,1.563,8.5,92.626,92.374,71.2,fish-eggs/79HX,43,
US Blanks,"7'9""HX",T6,6,2.25,2.0,13.689,92.626,92.374,71.2,fish-eggs/79HX,43,"rocker: catalog prints 2 1/4"" but 5.40 cm here; used the inch value"
US Blanks,"7'9""HX",T12,12,1.689,2.437,17.063,92.626,92.374,71.2,fish-eggs/79HX,43,
US Blanks,"7'9""HX",T18,18,1.189,2.748,19.252,92.626,92.374,71.2,fish-eggs/79HX,43,
US Blanks,"7'9""HX",T24,24,0.811,3.0,20.874,92.626,92.374,71.2,fish-eggs/79HX,43,
US Blanks,"7'9""HX",T36,36,0.189,3.437,22.752,92.626,92.374,71.2,fish-eggs/79HX,43,
US Blanks,"7'9""HX",C,46.313,0.0,3.563,23.563,92.626,92.374,71.2,fish-eggs/79HX,43,
US Blanks,"7'9""HX",N36,56.626,0.189,3.374,23.5,92.626,92.374,71.2,fish-eggs/79HX,43,
US Blanks,"7'9""HX",N24,68.626,0.874,3.0,22.626,92.626,92.374,71.2,fish-eggs/79HX,43,
US Blanks,"7'9""HX",N18,74.626,1.311,2.689,21.5,92.626,92.374,71.2,fish-eggs/79HX,43,
US Blanks,"7'9""HX",N12,80.626,1.874,2.437,19.752,92.626,92.374,71.2,fish-eggs/79HX,43,
US Blanks,"7'9""HX",N6,86.626,2.563,2.063,16.252,92.626,92.374,71.2,fish-eggs/79HX,43,
US Blanks,"7'9""HX",N0,92.626,3.5,1.5,0,92.626,92.374,71.2,fish-eggs/79HX,43,"width 0: rounded nose, not printed in catalog"
US Blanks,"7'10""SP",T0,0,2.5,1.374,8.5,95.252,94.752,81.9,fish-eggs/710SP,44,
US Blanks,"7'10""SP",T6,6,1.752,1.874,13.874,95.252,94.752,81.9,fish-eggs/710SP,44,
US Blanks,"7'10""SP",T12,12,1.189,2.311,17.126,95.252,94.752,81.9,fish-eggs/710SP,44,
US Blanks,"7'10""SP",T18,18,0.811,2.626,19.5,95.252,94.752,81.9,fish-eggs/710SP,44,
US Blanks,"7'10""SP",T24,24,0.563,2.874,21.374,95.252,94.752,81.9,fish-eggs/710SP,44,
US Blanks,"7'10""SP",T36,36,0.126,3.252,23.437,95.252,94.752,81.9,fish-eggs/710SP,44,
US Blanks,"7'10""SP",C,47.626,0.0,3.374,24.374,95.252,94.752,81.9,fish-eggs/710SP,44,
US Blanks,"7'10""SP",N36,59.252,0.126,3.311,24.311,95.252,94.752,81.9,fish-eggs/710SP,44,
US Blanks,"7'10""SP",N24,71.252,0.626,3.0,23.311,95.252,94.752,81.9,fish-eggs/710SP,44,
US Blanks,"7'10""SP",N18,77.252,1.126,2.689,22.252,95.252,94.752,81.9,fish-eggs/710SP,44,
US Blanks,"7'10""SP",N12,83.252,1.811,2.311,20.437,95.252,94.752,81.9,fish-eggs/710SP,44,
US Blanks,"7'10""SP",N6,89.252,2.811,1.874,17.126,95.252,94.752,81.9,fish-eggs/710SP,44,
US Blanks,"7'10""SP",N0,95.252,4.5,1.374,0,95.252,94.752,81.9,fish-eggs/710SP,44,"width 0: rounded nose, not printed in catalog"
US Blanks,"7'11""A",T0,0,2.5,1.437,7.126,95.5,94.689,65.7,guns/711A,45,
US Blanks,"7'11""A",T6,6,1.874,1.752,11.252,95.5,94.689,65.7,guns/711A,45,
US Blanks,"7'11""A",T12,12,1.374,2.126,14.126,95.5,94.689,65.7,guns/711A,45,
US Blanks,"7'11""A",T18,18,0.937,2.374,16.374,95.5,94.689,65.7,guns/711A,45,
US Blanks,"7'11""A",T24,24,0.626,2.625,18.126,95.5,94.689,65.7,guns/711A,45,"thickness: catalog prints 2 5/8"" but 6.99 cm here; used the inch value"
US Blanks,"7'11""A",T36,36,0.126,3.0,20.626,95.5,94.689,65.7,guns/711A,45,
US Blanks,"7'11""A",C,47.75,0.0,3.126,21.875,95.5,94.689,65.7,guns/711A,45,"catalog prints 21 7/8"" (matches stated max width) but 52.39 cm here; used the inch value"
US Blanks,"7'11""A",N36,59.5,0.252,3.063,21.311,95.5,94.689,65.7,guns/711A,45,
US Blanks,"7'11""A",N24,71.5,1.063,2.689,18.626,95.5,94.689,65.7,guns/711A,45,
US Blanks,"7'11""A",N18,77.5,1.689,2.437,16.374,95.5,94.689,65.7,guns/711A,45,
US Blanks,"7'11""A",N12,83.5,2.689,2.126,13.252,95.5,94.689,65.7,guns/711A,45,
US Blanks,"7'11""A",N6,89.5,4.189,1.669,9.126,95.5,94.689,65.7,guns/711A,45,"rocker: catalog prints 4 13/16"" but 10.64 cm here; used the cm value (4 3/16"")"
US Blanks,"7'11""A",N0,95.5,6.449,1.126,3.5,95.5,94.689,65.7,guns/711A,45,
US Blanks,"8'0""H",T0,0,3.126,1.311,6.752,96.126,95.626,78.4,fish-eggs/80H,46,
US Blanks,"8'0""H",T6,6,2.375,1.752,13.0,96.126,95.626,78.4,fish-eggs/80H,46,"rocker: catalog prints 2 7/8"" (7.30 cm) here, which would lift the tail 1 1/8"" in six inches; used 2 3/8"", the figure the neighbouring stations give"
US Blanks,"8'0""H",T12,12,1.752,2.126,16.437,96.126,95.626,78.4,fish-eggs/80H,46,
US Blanks,"8'0""H",T18,18,1.252,2.437,18.811,96.126,95.626,78.4,fish-eggs/80H,46,
US Blanks,"8'0""H",T24,24,0.811,2.752,20.5,96.126,95.626,78.4,fish-eggs/80H,46,
US Blanks,"8'0""H",T36,36,0.252,3.189,22.626,96.126,95.626,78.4,fish-eggs/80H,46,
US Blanks,"8'0""H",C,48.063,0.0,3.311,23.626,96.126,95.626,78.4,fish-eggs/80H,46,
US Blanks,"8'0""H",N36,60.126,0.189,3.189,23.437,96.126,95.626,78.4,fish-eggs/80H,46,
US Blanks,"8'0""H",N24,72.126,0.752,2.811,22.189,96.126,95.626,78.4,fish-eggs/80H,46,
US Blanks,"8'0""H",N18,78.126,1.252,2.5,21.063,96.126,95.626,78.4,fish-eggs/80H,46,
US Blanks,"8'0""H",N12,84.126,1.874,2.126,19.063,96.126,95.626,78.4,fish-eggs/80H,46,
US Blanks,"8'0""H",N6,90.126,2.626,1.752,15.374,96.126,95.626,78.4,fish-eggs/80H,46,
US Blanks,"8'0""H",N0,96.126,3.563,0.937,0,96.126,95.626,78.4,fish-eggs/80H,46,"width 0: rounded nose, not printed in catalog"
US Blanks,"8'1""EA",T0,0,2.689,1.311,7.752,96.626,95.752,75.3,fun-boards/81EA,47,
US Blanks,"8'1""EA",T6,6,2.0,1.689,13.374,96.626,95.752,75.3,fun-boards/81EA,47,
US Blanks,"8'1""EA",T12,12,1.374,2.126,16.752,96.626,95.752,75.3,fun-boards/81EA,47,
US Blanks,"8'1""EA",T18,18,0.937,2.437,19.252,96.626,95.752,75.3,fun-boards/81EA,47,
US Blanks,"8'1""EA",T24,24,0.626,2.752,21.126,96.626,95.752,75.3,fun-boards/81EA,47,
US Blanks,"8'1""EA",T36,36,0.189,3.189,23.437,96.626,95.752,75.3,fun-boards/81EA,47,
US Blanks,"8'1""EA",C,48.313,0.0,3.374,24.063,96.626,95.752,75.3,fun-boards/81EA,47,
US Blanks,"8'1""EA",N36,60.626,0.252,3.311,23.437,96.626,95.752,75.3,fun-boards/81EA,47,
US Blanks,"8'1""EA",N24,72.626,1.063,2.811,21.563,96.626,95.752,75.3,fun-boards/81EA,47,
US Blanks,"8'1""EA",N18,78.626,1.811,2.437,19.811,96.626,95.752,75.3,fun-boards/81EA,47,
US Blanks,"8'1""EA",N12,84.626,2.874,1.937,17.063,96.626,95.752,75.3,fun-boards/81EA,47,
US Blanks,"8'1""EA",N6,90.626,4.374,1.437,12.126,96.626,95.752,75.3,fun-boards/81EA,47,
US Blanks,"8'1""EA",N0,96.626,6.437,1.0,3.374,96.626,95.752,75.3,fun-boards/81EA,47,
US Blanks,"8'2""A",T0,0,2.563,1.752,9.5,98.5,98.5,101.7,fun-boards/82A,48,
US Blanks,"8'2""A",T6,6,2.0,2.126,14.311,98.5,98.5,101.7,fun-boards/82A,48,
US Blanks,"8'2""A",T12,12,1.5,2.63,17.689,98.5,98.5,101.7,fun-boards/82A,48,
US Blanks,"8'2""A",T18,18,1.063,3.0,20.126,98.5,98.5,101.7,fun-boards/82A,48,
US Blanks,"8'2""A",T24,24,0.689,3.374,21.874,98.5,98.5,101.7,fun-boards/82A,48,
US Blanks,"8'2""A",T36,36,0.189,3.874,24.063,98.5,98.5,101.7,fun-boards/82A,48,
US Blanks,"8'2""A",C,49.25,0.0,4.063,25.0,98.5,98.5,101.7,fun-boards/82A,48,
US Blanks,"8'2""A",N36,62.5,0.252,3.937,24.437,98.5,98.5,101.7,fun-boards/82A,48,
US Blanks,"8'2""A",N24,74.5,1.0,3.374,22.437,98.5,98.5,101.7,fun-boards/82A,48,
US Blanks,"8'2""A",N18,80.5,1.689,3.0,20.5,98.5,98.5,101.7,fun-boards/82A,48,"width: catalog prints 20 1/4"" but 52.07 cm here; used the cm value (20 1/2"")"
US Blanks,"8'2""A",N12,86.5,2.689,2.437,17.374,98.5,98.5,101.7,fun-boards/82A,48,
US Blanks,"8'2""A",N6,92.5,4.374,1.811,12.5,98.5,98.5,101.7,fun-boards/82A,48,
US Blanks,"8'2""A",N0,98.5,6.626,1.311,4.0,98.5,98.5,101.7,fun-boards/82A,48,
US Blanks,"8'2""AX",T0,0,2.563,2.126,9.5,98.5,98.5,113.1,fun-boards/82AX,49,
US Blanks,"8'2""AX",T6,6,2.0,2.5,14.311,98.5,98.5,113.1,fun-boards/82AX,49,
US Blanks,"8'2""AX",T12,12,1.5,3.0,17.689,98.5,98.5,113.1,fun-boards/82AX,49,
US Blanks,"8'2""AX",T18,18,1.063,3.374,20.126,98.5,98.5,113.1,fun-boards/82AX,49,
US Blanks,"8'2""AX",T24,24,0.689,3.752,21.874,98.5,98.5,113.1,fun-boards/82AX,49,
US Blanks,"8'2""AX",T36,36,0.189,4.252,24.063,98.5,98.5,113.1,fun-boards/82AX,49,
US Blanks,"8'2""AX",C,49.25,0.0,4.437,25.0,98.5,98.5,113.1,fun-boards/82AX,49,
US Blanks,"8'2""AX",N36,62.5,0.252,4.311,24.437,98.5,98.5,113.1,fun-boards/82AX,49,
US Blanks,"8'2""AX",N24,74.5,1.0,3.752,22.437,98.5,98.5,113.1,fun-boards/82AX,49,
US Blanks,"8'2""AX",N18,80.5,1.689,3.374,20.5,98.5,98.5,113.1,fun-boards/82AX,49,"width: catalog prints 20 1/4"" but 52.07 cm here; used the cm value (20 1/2"")"
US Blanks,"8'2""AX",N12,86.5,2.689,2.811,17.374,98.5,98.5,113.1,fun-boards/82AX,49,
US Blanks,"8'2""AX",N6,92.5,4.374,2.189,12.5,98.5,98.5,113.1,fun-boards/82AX,49,
US Blanks,"8'2""AX",N0,98.5,6.626,1.689,4.0,98.5,98.5,113.1,fun-boards/82AX,49,
US Blanks,"8'3""H",T0,0,3.189,1.126,7.626,99.126,98.626,77.6,fun-boards/83H,50,
US Blanks,"8'3""H",T6,6,2.5,1.689,12.874,99.126,98.626,77.6,fun-boards/83H,50,
US Blanks,"8'3""H",T12,12,1.874,2.063,16.311,99.126,98.626,77.6,fun-boards/83H,50,
US Blanks,"8'3""H",T18,18,1.252,2.437,18.752,99.126,98.626,77.6,fun-boards/83H,50,
US Blanks,"8'3""H",T24,24,0.811,2.811,20.5,99.126,98.626,77.6,fun-boards/83H,50,
US Blanks,"8'3""H",T36,36,0.22,3.189,22.626,99.126,98.626,77.6,fun-boards/83H,50,
US Blanks,"8'3""H",C,49.563,0.0,3.374,23.626,99.126,98.626,77.6,fun-boards/83H,50,
US Blanks,"8'3""H",N36,63.126,0.252,3.189,23.311,99.126,98.626,77.6,fun-boards/83H,50,
US Blanks,"8'3""H",N24,75.126,0.937,2.752,22.0,99.126,98.626,77.6,fun-boards/83H,50,
US Blanks,"8'3""H",N18,81.126,1.437,2.437,20.752,99.126,98.626,77.6,fun-boards/83H,50,
US Blanks,"8'3""H",N12,87.126,2.126,2.063,18.752,99.126,98.626,77.6,fun-boards/83H,50,
US Blanks,"8'3""H",N6,93.126,3.0,1.626,15.126,99.126,98.626,77.6,fun-boards/83H,50,
US Blanks,"8'3""H",N0,99.126,4.126,1.252,0,99.126,98.626,77.6,fun-boards/83H,50,"width 0: rounded nose, not printed in catalog"
US Blanks,"8'4""SP",T0,0,3.0,1.374,5.252,100.437,99.811,84.0,fish-eggs/84SP,51,
US Blanks,"8'4""SP",T6,6,2.311,1.874,13.0,100.437,99.811,84.0,fish-eggs/84SP,51,
US Blanks,"8'4""SP",T12,12,1.689,2.252,16.5,100.437,99.811,84.0,fish-eggs/84SP,51,
US Blanks,"8'4""SP",T18,18,1.189,2.626,18.811,100.437,99.811,84.0,fish-eggs/84SP,51,
US Blanks,"8'4""SP",T24,24,0.752,2.874,20.626,100.437,99.811,84.0,fish-eggs/84SP,51,
US Blanks,"8'4""SP",T36,36,0.252,3.252,22.874,100.437,99.811,84.0,fish-eggs/84SP,51,
US Blanks,"8'4""SP",C,50.219,0.0,3.374,24.063,100.437,99.811,84.0,fish-eggs/84SP,51,
US Blanks,"8'4""SP",N36,64.437,0.189,3.189,23.874,100.437,99.811,84.0,fish-eggs/84SP,51,
US Blanks,"8'4""SP",N24,76.437,0.811,2.811,22.5,100.437,99.811,84.0,fish-eggs/84SP,51,
US Blanks,"8'4""SP",N18,82.437,1.374,2.563,21.189,100.437,99.811,84.0,fish-eggs/84SP,51,
US Blanks,"8'4""SP",N12,88.437,2.189,2.252,19.252,100.437,99.811,84.0,fish-eggs/84SP,51,
US Blanks,"8'4""SP",N6,94.437,3.252,1.811,15.811,100.437,99.811,84.0,fish-eggs/84SP,51,
US Blanks,"8'4""SP",N0,100.437,4.752,1.311,0,100.437,99.811,84.0,fish-eggs/84SP,51,"width 0: rounded nose, not printed in catalog"
US Blanks,"8'4""SPX",T0,0,3.0,1.752,5.252,100.437,99.811,84.0,fish-eggs/84SPX,52,
US Blanks,"8'4""SPX",T6,6,2.311,2.252,13.0,100.437,99.811,84.0,fish-eggs/84SPX,52,
US Blanks,"8'4""SPX",T12,12,1.689,2.626,16.5,100.437,99.811,84.0,fish-eggs/84SPX,52,
US Blanks,"8'4""SPX",T18,18,1.189,3.0,18.811,100.437,99.811,84.0,fish-eggs/84SPX,52,
US Blanks,"8'4""SPX",T24,24,0.752,3.252,20.626,100.437,99.811,84.0,fish-eggs/84SPX,52,
US Blanks,"8'4""SPX",T36,36,0.252,3.626,22.874,100.437,99.811,84.0,fish-eggs/84SPX,52,
US Blanks,"8'4""SPX",C,50.219,0.0,3.752,24.063,100.437,99.811,84.0,fish-eggs/84SPX,52,
US Blanks,"8'4""SPX",N36,64.437,0.189,3.563,23.874,100.437,99.811,84.0,fish-eggs/84SPX,52,
US Blanks,"8'4""SPX",N24,76.437,0.811,3.189,22.5,100.437,99.811,84.0,fish-eggs/84SPX,52,
US Blanks,"8'4""SPX",N18,82.437,1.374,2.9375,21.189,100.437,99.811,84.0,fish-eggs/84SPX,52,"thickness: catalog prints 3 1/16"" (7.78 cm) here; used 2 15/16"", the 8'4""SP plus 3/8"""
US Blanks,"8'4""SPX",N12,88.437,2.189,2.626,19.252,100.437,99.811,84.0,fish-eggs/84SPX,52,
US Blanks,"8'4""SPX",N6,94.437,3.252,2.189,15.811,100.437,99.811,84.0,fish-eggs/84SPX,52,
US Blanks,"8'4""SPX",N0,100.437,4.752,1.689,0,100.437,99.811,84.0,fish-eggs/84SPX,52,"width 0: rounded nose, not printed in catalog"
US Blanks,"8'5""A",T0,0,2.437,1.437,6.5,102.374,101.5,76.5,fun-boards/85A,53,
US Blanks,"8'5""A",T6,6,1.874,1.811,10.563,102.374,101.5,76.5,fun-boards/85A,53,
US Blanks,"8'5""A",T12,12,1.374,2.189,13.689,102.374,101.5,76.5,fun-boards/85A,53,
US Blanks,"8'5""A",T18,18,1.0,2.5,16.126,102.374,101.5,76.5,fun-boards/85A,53,
US Blanks,"8'5""A",T24,24,0.626,2.752,17.937,102.374,101.5,76.5,fun-boards/85A,53,
US Blanks,"8'5""A",T36,36,0.22,3.189,20.5,102.374,101.5,76.5,fun-boards/85A,53,
US Blanks,"8'5""A",C,51.187,0.0,3.374,21.937,102.374,101.5,76.5,fun-boards/85A,53,
US Blanks,"8'5""A",N36,66.374,0.28,3.311,21.063,102.374,101.5,76.5,fun-boards/85A,53,
US Blanks,"8'5""A",N24,78.374,1.0,3.0,18.374,102.374,101.5,76.5,fun-boards/85A,53,
US Blanks,"8'5""A",N18,84.374,1.689,2.689,16.0,102.374,101.5,76.5,fun-boards/85A,53,
US Blanks,"8'5""A",N12,90.374,2.874,2.189,12.937,102.374,101.5,76.5,fun-boards/85A,53,
US Blanks,"8'5""A",N6,96.374,4.563,1.752,8.874,102.374,101.5,76.5,fun-boards/85A,53,
US Blanks,"8'5""A",N0,102.374,6.752,1.252,3.5,102.374,101.5,76.5,fun-boards/85A,53,
US Blanks,"8'6""EA",T0,0,2.626,1.252,7.126,102.0,101.5,77.0,fun-boards/86EA,54,
US Blanks,"8'6""EA",T6,6,1.969,1.752,12.689,102.0,101.5,77.0,fun-boards/86EA,54,
US Blanks,"8'6""EA",T12,12,1.437,2.189,16.189,102.0,101.5,77.0,fun-boards/86EA,54,
US Blanks,"8'6""EA",T18,18,1.0,2.5,18.626,102.0,101.5,77.0,fun-boards/86EA,54,
US Blanks,"8'6""EA",T24,24,0.689,2.752,20.5,102.0,101.5,77.0,fun-boards/86EA,54,
US Blanks,"8'6""EA",T36,36,0.22,3.126,23.0,102.0,101.5,77.0,fun-boards/86EA,54,
US Blanks,"8'6""EA",C,51.0,0.0,3.374,24.063,102.0,101.5,77.0,fun-boards/86EA,54,
US Blanks,"8'6""EA",N36,66.0,0.311,3.311,23.311,102.0,101.5,77.0,fun-boards/86EA,54,
US Blanks,"8'6""EA",N24,78.0,1.157,2.874,21.374,102.0,101.5,77.0,fun-boards/86EA,54,
US Blanks,"8'6""EA",N18,84.0,1.874,2.5,19.5,102.0,101.5,77.0,fun-boards/86EA,54,
US Blanks,"8'6""EA",N12,90.0,2.874,2.063,16.5,102.0,101.5,77.0,fun-boards/86EA,54,
US Blanks,"8'6""EA",N6,96.0,4.437,1.563,11.516,102.0,101.5,77.0,fun-boards/86EA,54,
US Blanks,"8'6""EA",N0,102.0,6.563,1.063,2.5,102.0,101.5,77.0,fun-boards/86EA,54,
US Blanks,"8'9""Y",T0,0,3.189,1.311,9.0,105.0,104.5,92.1,longboards/89Y,55,
US Blanks,"8'9""Y",T6,6,2.374,1.9375,14.626,105.0,104.5,92.1,longboards/89Y,55,"thickness: catalog prints 1 15/16"" but 5.08 cm here; used the inch value"
US Blanks,"8'9""Y",T12,12,1.752,2.311,18.0,105.0,104.5,92.1,longboards/89Y,55,
US Blanks,"8'9""Y",T18,18,1.252,2.626,20.126,105.0,104.5,92.1,longboards/89Y,55,
US Blanks,"8'9""Y",T24,24,0.811,2.874,21.563,105.0,104.5,92.1,longboards/89Y,55,
US Blanks,"8'9""Y",T36,36,0.311,3.189,23.437,105.0,104.5,92.1,longboards/89Y,55,
US Blanks,"8'9""Y",T48,48,0,3.311,24.5,105.0,104.5,92.1,longboards/89Y,55,rocker 0: not printed in catalog
US Blanks,"8'9""Y",C,52.5,0.0,3.374,24.689,105.0,104.5,92.1,longboards/89Y,55,
US Blanks,"8'9""Y",N48,57.0,0,3.311,24.811,105.0,104.5,92.1,longboards/89Y,55,"rocker 0: not printed in catalog; width: catalog prints 25 13/16"" but 63.02 cm here; used the cm value (24 13/16"")"
US Blanks,"8'9""Y",N36,69.0,0.28,3.126,24.5,105.0,104.5,92.1,longboards/89Y,55,
US Blanks,"8'9""Y",N24,81.0,0.937,2.811,23.189,105.0,104.5,92.1,longboards/89Y,55,
US Blanks,"8'9""Y",N18,87.0,1.437,2.626,22.126,105.0,104.5,92.1,longboards/89Y,55,
US Blanks,"8'9""Y",N12,93.0,2.126,2.311,20.5,105.0,104.5,92.1,longboards/89Y,55,
US Blanks,"8'9""Y",N6,99.0,3.0,1.874,17.374,105.0,104.5,92.1,longboards/89Y,55,"rocker: catalog prints 3"" but 9.05 cm here; used the inch value"
US Blanks,"8'9""Y",N0,105.0,4.126,1.311,0,105.0,104.5,92.1,longboards/89Y,55,"width 0: rounded nose, not printed in catalog"
US Blanks,"8'9""YX",T0,0,3.189,1.689,9.0,105.0,104.5,105.7,longboards/89YX,56,
US Blanks,"8'9""YX",T6,6,2.374,2.311,14.626,105.0,104.5,105.7,longboards/89YX,56,
US Blanks,"8'9""YX",T12,12,1.752,2.689,18.0,105.0,104.5,105.7,longboards/89YX,56,
US Blanks,"8'9""YX",T18,18,1.252,3.0,20.126,105.0,104.5,105.7,longboards/89YX,56,
US Blanks,"8'9""YX",T24,24,0.811,3.252,21.563,105.0,104.5,105.7,longboards/89YX,56,
US Blanks,"8'9""YX",T36,36,0.311,3.563,23.437,105.0,104.5,105.7,longboards/89YX,56,
US Blanks,"8'9""YX",T48,48,0,3.689,24.5,105.0,104.5,105.7,longboards/89YX,56,rocker 0: not printed in catalog
US Blanks,"8'9""YX",C,52.5,0.0,3.752,24.689,105.0,104.5,105.7,longboards/89YX,56,
US Blanks,"8'9""YX",N48,57.0,0,3.689,24.811,105.0,104.5,105.7,longboards/89YX,56,rocker 0: not printed in catalog
US Blanks,"8'9""YX",N36,69.0,0.28,3.5,24.5,105.0,104.5,105.7,longboards/89YX,56,
US Blanks,"8'9""YX",N24,81.0,0.937,3.189,23.189,105.0,104.5,105.7,longboards/89YX,56,
US Blanks,"8'9""YX",N18,87.0,1.437,3.0,22.126,105.0,104.5,105.7,longboards/89YX,56,
US Blanks,"8'9""YX",N12,93.0,2.126,2.689,20.5,105.0,104.5,105.7,longboards/89YX,56,
US Blanks,"8'9""YX",N6,99.0,3.0,2.252,17.374,105.0,104.5,105.7,longboards/89YX,56,"rocker: catalog prints 3"" but 9.05 cm here; used the inch value"
US Blanks,"8'9""YX",N0,105.0,4.126,1.689,0,105.0,104.5,105.7,longboards/89YX,56,"width 0: rounded nose, not printed in catalog"
US Blanks,"9'2""A",T0,0,2.752,1.374,6.0,111.0,110.0,88.3,guns/92A,57,
US Blanks,"9'2""A",T6,6,2.126,1.689,9.752,111.0,110.0,88.3,guns/92A,57,
US Blanks,"9'2""A",T12,12,1.563,2.063,12.748,111.0,110.0,88.3,guns/92A,57,
US Blanks,"9'2""A",T18,18,1.252,2.374,15.126,111.0,110.0,88.3,guns/92A,57,
US Blanks,"9'2""A",T24,24,0.874,2.626,17.126,111.0,110.0,88.3,guns/92A,57,
US Blanks,"9'2""A",T36,36,0.374,3.126,20.0,111.0,110.0,88.3,guns/92A,57,
US Blanks,"9'2""A",C,55.5,0.0,3.5,22.252,111.0,110.0,88.3,guns/92A,57,"width: catalog prints 21 1/4"" but 56.52 cm here; used the cm value (22 1/4"")"
US Blanks,"9'2""A",N36,75.0,0.5,3.374,21.0,111.0,110.0,88.3,guns/92A,57,
US Blanks,"9'2""A",N24,87.0,1.563,3.0,18.0,111.0,110.0,88.3,guns/92A,57,
US Blanks,"9'2""A",N18,93.0,2.374,2.625,15.752,111.0,110.0,88.3,guns/92A,57,"thickness: catalog prints 2 5/8"" but 5.78 cm here; used the inch value"
US Blanks,"9'2""A",N12,99.0,3.626,2.189,12.626,111.0,110.0,88.3,guns/92A,57,
US Blanks,"9'2""A",N6,105.0,5.374,1.689,8.752,111.0,110.0,88.3,guns/92A,57,
US Blanks,"9'2""A",N0,111.0,7.626,1.311,4.0,111.0,110.0,88.3,guns/92A,57,
US Blanks,"9'3""A",T0,0,3.063,1.752,8.5,111.563,110.626,122.97,fun-boards/93A,58,
US Blanks,"9'3""A",T6,6,2.437,2.252,13.626,111.563,110.626,122.97,fun-boards/93A,58,
US Blanks,"9'3""A",T12,12,1.874,2.74,16.9375,111.563,110.626,122.97,fun-boards/93A,58,"width: catalog prints 16 15/16"" but 42.02 cm here; used the inch value"
US Blanks,"9'3""A",T18,18,1.374,3.063,19.437,111.563,110.626,122.97,fun-boards/93A,58,
US Blanks,"9'3""A",T24,24,1.0,3.374,21.374,111.563,110.626,122.97,fun-boards/93A,58,
US Blanks,"9'3""A",T36,36,0.437,3.874,23.874,111.563,110.626,122.97,fun-boards/93A,58,
US Blanks,"9'3""A",T48,48,0.094,4.189,25.126,111.563,110.626,122.97,fun-boards/93A,58,
US Blanks,"9'3""A",C,55.781,0.0,4.311,25.5,111.563,110.626,122.97,fun-boards/93A,58,
US Blanks,"9'3""A",N48,63.563,0.063,4.252,25.311,111.563,110.626,122.97,fun-boards/93A,58,
US Blanks,"9'3""A",N36,75.563,0.5,4.0,24.5,111.563,110.626,122.97,fun-boards/93A,58,
US Blanks,"9'3""A",N24,87.563,1.563,3.437,22.252,111.563,110.626,122.97,fun-boards/93A,58,
US Blanks,"9'3""A",N18,93.563,2.5,2.874,20.252,111.563,110.626,122.97,fun-boards/93A,58,
US Blanks,"9'3""A",N12,99.563,3.752,2.252,17.126,111.563,110.626,122.97,fun-boards/93A,58,
US Blanks,"9'3""A",N6,105.563,5.5,1.689,12.311,111.563,110.626,122.97,fun-boards/93A,58,
US Blanks,"9'3""A",N0,111.563,7.701,1.374,4.0,111.563,110.626,122.97,fun-boards/93A,58,
US Blanks,"9'3""AX",T0,0,3.063,2.126,8.5,111.563,110.626,135.73,fun-boards/93AX,59,
US Blanks,"9'3""AX",T6,6,2.437,2.626,13.626,111.563,110.626,135.73,fun-boards/93AX,59,
US Blanks,"9'3""AX",T12,12,1.874,3.126,16.9375,111.563,110.626,135.73,fun-boards/93AX,59,"width: catalog prints 16 15/16"" but 42.02 cm here; used the inch value"
US Blanks,"9'3""AX",T18,18,1.374,3.437,19.437,111.563,110.626,135.73,fun-boards/93AX,59,
US Blanks,"9'3""AX",T24,24,1.0,3.752,21.374,111.563,110.626,135.73,fun-boards/93AX,59,
US Blanks,"9'3""AX",T36,36,0.437,4.252,23.874,111.563,110.626,135.73,fun-boards/93AX,59,
US Blanks,"9'3""AX",T48,48,0.094,4.563,25.126,111.563,110.626,135.73,fun-boards/93AX,59,
US Blanks,"9'3""AX",C,55.781,0.0,4.689,25.5,111.563,110.626,135.73,fun-boards/93AX,59,
US Blanks,"9'3""AX",N48,63.563,0.063,4.626,25.311,111.563,110.626,135.73,fun-boards/93AX,59,
US Blanks,"9'3""AX",N36,75.563,0.5,4.374,24.5,111.563,110.626,135.73,fun-boards/93AX,59,
US Blanks,"9'3""AX",N24,87.563,1.563,3.811,22.252,111.563,110.626,135.73,fun-boards/93AX,59,
US Blanks,"9'3""AX",N18,93.563,2.5,3.252,20.252,111.563,110.626,135.73,fun-boards/93AX,59,
US Blanks,"9'3""AX",N12,99.563,3.752,2.626,17.126,111.563,110.626,135.73,fun-boards/93AX,59,
US Blanks,"9'3""AX",N6,105.563,5.5,2.063,12.311,111.563,110.626,135.73,fun-boards/93AX,59,
US Blanks,"9'3""AX",N0,111.563,7.701,1.752,4.0,111.563,110.626,135.73,fun-boards/93AX,59,
US Blanks,"9'3""Y",T0,0,3.252,1.437,9.252,111.0,110.626,104.7,longboards/93Y,60,
US Blanks,"9'3""Y",T6,6,2.563,2.063,14.374,111.0,110.626,104.7,longboards/93Y,60,
US Blanks,"9'3""Y",T12,12,1.811,2.374,17.626,111.0,110.626,104.7,longboards/93Y,60,
US Blanks,"9'3""Y",T18,18,1.311,2.689,19.874,111.0,110.626,104.7,longboards/93Y,60,
US Blanks,"9'3""Y",T24,24,0.937,2.937,21.374,111.0,110.626,104.7,longboards/93Y,60,
US Blanks,"9'3""Y",T36,36,0.374,3.252,23.374,111.0,110.626,104.7,longboards/93Y,60,
US Blanks,"9'3""Y",T48,48,0.063,3.437,24.5,111.0,110.626,104.7,longboards/93Y,60,
US Blanks,"9'3""Y",C,55.5,0.0,3.5,24.937,111.0,110.626,104.7,longboards/93Y,60,
US Blanks,"9'3""Y",N48,63.0,0.063,3.374,25.063,111.0,110.626,104.7,longboards/93Y,60,
US Blanks,"9'3""Y",N36,75.0,0.374,3.252,24.563,111.0,110.626,104.7,longboards/93Y,60,
US Blanks,"9'3""Y",N24,87.0,1.063,2.874,23.311,111.0,110.626,104.7,longboards/93Y,60,
US Blanks,"9'3""Y",N18,93.0,1.626,2.689,22.189,111.0,110.626,104.7,longboards/93Y,60,
US Blanks,"9'3""Y",N12,99.0,2.311,2.374,20.626,111.0,110.626,104.7,longboards/93Y,60,
US Blanks,"9'3""Y",N6,105.0,3.189,2.0,17.5,111.0,110.626,104.7,longboards/93Y,60,
US Blanks,"9'3""Y",N0,111.0,4.311,1.374,4.0,111.0,110.626,104.7,longboards/93Y,60,
US Blanks,"9'4""B",T0,0,3.5,1.5,7.5,111.5,111.063,96.7,longboards/94B,61,
US Blanks,"9'4""B",T6,6,2.74,1.752,13.252,111.5,111.063,96.7,longboards/94B,61,
US Blanks,"9'4""B",T12,12,2.126,2.126,16.311,111.5,111.063,96.7,longboards/94B,61,
US Blanks,"9'4""B",T18,18,1.563,2.374,18.563,111.5,111.063,96.7,longboards/94B,61,
US Blanks,"9'4""B",T24,24,1.094,2.626,20.252,111.5,111.063,96.7,longboards/94B,61,
US Blanks,"9'4""B",T36,36,0.437,3.0,22.626,111.5,111.063,96.7,longboards/94B,61,
US Blanks,"9'4""B",T48,48,0.094,3.252,24.126,111.5,111.063,96.7,longboards/94B,61,
US Blanks,"9'4""B",C,55.75,0.0,3.311,24.874,111.5,111.063,96.7,longboards/94B,61,
US Blanks,"9'4""B",N48,63.5,0.063,3.252,25.063,111.5,111.063,96.7,longboards/94B,61,
US Blanks,"9'4""B",N36,75.5,0.437,3.0,24.811,111.5,111.063,96.7,longboards/94B,61,
US Blanks,"9'4""B",N24,87.5,1.189,2.626,23.437,111.5,111.063,96.7,longboards/94B,61,
US Blanks,"9'4""B",N18,93.5,1.752,2.374,22.189,111.5,111.063,96.7,longboards/94B,61,
US Blanks,"9'4""B",N12,99.5,2.5,2.0,20.311,111.5,111.063,96.7,longboards/94B,61,
US Blanks,"9'4""B",N6,105.5,3.5,1.685,17.0,111.5,111.063,96.7,longboards/94B,61,
US Blanks,"9'4""B",N0,111.5,4.752,1.311,0,111.5,111.063,96.7,longboards/94B,61,"width 0: rounded nose, not printed in catalog"
US Blanks,"9'5""M",T0,0,3.626,1.374,6.0,112.437,111.752,92.7,longboards/95M,62,
US Blanks,"9'5""M",T6,6,2.811,1.752,12.752,112.437,111.752,92.7,longboards/95M,62,
US Blanks,"9'5""M",T12,12,2.126,2.126,16.0,112.437,111.752,92.7,longboards/95M,62,
US Blanks,"9'5""M",T18,18,1.563,2.437,18.311,112.437,111.752,92.7,longboards/95M,62,
US Blanks,"9'5""M",T24,24,1.126,2.689,20.063,112.437,111.752,92.7,longboards/95M,62,
US Blanks,"9'5""M",T36,36,0.437,3.0,22.437,112.437,111.752,92.7,longboards/95M,62,
US Blanks,"9'5""M",T48,48,0.063,3.189,23.874,112.437,111.752,92.7,longboards/95M,62,
US Blanks,"9'5""M",C,56.219,0.0,3.189,24.437,112.437,111.752,92.7,longboards/95M,62,
US Blanks,"9'5""M",N48,64.437,0.063,3.189,24.689,112.437,111.752,92.7,longboards/95M,62,
US Blanks,"9'5""M",N36,76.437,0.437,2.937,24.437,112.437,111.752,92.7,longboards/95M,62,
US Blanks,"9'5""M",N24,88.437,1.189,2.626,23.189,112.437,111.752,92.7,longboards/95M,62,
US Blanks,"9'5""M",N18,94.437,1.752,2.374,22.126,112.437,111.752,92.7,longboards/95M,62,
US Blanks,"9'5""M",N12,100.437,2.437,2.063,20.252,112.437,111.752,92.7,longboards/95M,62,
US Blanks,"9'5""M",N6,106.437,3.437,1.752,16.626,112.437,111.752,92.7,longboards/95M,62,
US Blanks,"9'5""M",N0,112.437,4.811,1.374,0,112.437,111.752,92.7,longboards/95M,62,"width 0: rounded nose, not printed in catalog"
US Blanks,"9'8""Y",T0,0,3.626,1.5,9.126,116.126,115.752,118.7,longboards/98Y,63,
US Blanks,"9'8""Y",T6,6,2.752,2.189,14.252,116.126,115.752,118.7,longboards/98Y,63,
US Blanks,"9'8""Y",T12,12,2.126,2.5,17.626,116.126,115.752,118.7,longboards/98Y,63,
US Blanks,"9'8""Y",T18,18,1.626,2.74,19.752,116.126,115.752,118.7,longboards/98Y,63,
US Blanks,"9'8""Y",T24,24,1.126,3.0,21.5,116.126,115.752,118.7,longboards/98Y,63,"thickness: catalog prints 3"" but 8.57 cm here; used the inch value"
US Blanks,"9'8""Y",T36,36,0.5,3.374,23.5,116.126,115.752,118.7,longboards/98Y,63,
US Blanks,"9'8""Y",T48,48,0.15,3.563,24.626,116.126,115.752,118.7,longboards/98Y,63,
US Blanks,"9'8""Y",C,58.063,0.0,3.626,25.189,116.126,115.752,118.7,longboards/98Y,63,
US Blanks,"9'8""Y",N48,68.126,0.063,3.5,25.252,116.126,115.752,118.7,longboards/98Y,63,
US Blanks,"9'8""Y",N36,80.126,0.437,3.252,24.626,116.126,115.752,118.7,longboards/98Y,63,
US Blanks,"9'8""Y",N24,92.126,1.126,3.0,23.311,116.126,115.752,118.7,longboards/98Y,63,
US Blanks,"9'8""Y",N18,98.126,1.689,2.811,22.189,116.126,115.752,118.7,longboards/98Y,63,
US Blanks,"9'8""Y",N12,104.126,2.374,2.5,20.752,116.126,115.752,118.7,longboards/98Y,63,
US Blanks,"9'8""Y",N6,110.126,3.311,2.126,17.311,116.126,115.752,118.7,longboards/98Y,63,
US Blanks,"9'8""Y",N0,116.126,4.5,1.626,0,116.126,115.752,118.7,longboards/98Y,63,"width 0: rounded nose, not printed in catalog"
US Blanks,"9'9""A",T0,0,3.126,1.437,5.5,117.252,116.374,91.5,guns/99A,64,
US Blanks,"9'9""A",T6,6,2.5,1.752,9.811,117.252,116.374,91.5,guns/99A,64,
US Blanks,"9'9""A",T12,12,1.937,2.0,12.752,117.252,116.374,91.5,guns/99A,64,
US Blanks,"9'9""A",T18,18,1.5,2.311,15.252,117.252,116.374,91.5,guns/99A,64,
US Blanks,"9'9""A",T24,24,1.126,2.626,17.189,117.252,116.374,91.5,guns/99A,64,
US Blanks,"9'9""A",T36,36,0.5,3.063,20.063,117.252,116.374,91.5,guns/99A,64,
US Blanks,"9'9""A",T48,48,0.126,3.437,21.752,117.252,116.374,91.5,guns/99A,64,
US Blanks,"9'9""A",C,58.626,0.0,3.622,22.437,117.252,116.374,91.5,guns/99A,64,
US Blanks,"9'9""A",N48,69.252,0.157,3.626,22.189,117.252,116.374,91.5,guns/99A,64,
US Blanks,"9'9""A",N36,81.252,0.626,3.374,20.689,117.252,116.374,91.5,guns/99A,64,
US Blanks,"9'9""A",N24,93.252,1.689,2.937,17.626,117.252,116.374,91.5,guns/99A,64,
US Blanks,"9'9""A",N18,99.252,2.5,2.5,15.311,117.252,116.374,91.5,guns/99A,64,
US Blanks,"9'9""A",N12,105.252,3.752,2.126,12.437,117.252,116.374,91.5,guns/99A,64,
US Blanks,"9'9""A",N6,111.252,5.437,1.756,8.626,117.252,116.374,91.5,guns/99A,64,
US Blanks,"9'9""A",N0,117.252,7.701,1.374,3.0,117.252,116.374,91.5,guns/99A,64,
US Blanks,"9'9""AX",T0,0,3.126,1.811,5.5,117.252,116.374,101.09,guns/99AX,65,
US Blanks,"9'9""AX",T6,6,2.5,2.13,9.811,117.252,116.374,101.09,guns/99AX,65,
US Blanks,"9'9""AX",T12,12,1.937,2.374,12.752,117.252,116.374,101.09,guns/99AX,65,
US Blanks,"9'9""AX",T18,18,1.5,2.685,15.252,117.252,116.374,101.09,guns/99AX,65,
US Blanks,"9'9""AX",T24,24,1.126,3.0,17.189,117.252,116.374,101.09,guns/99AX,65,
US Blanks,"9'9""AX",T36,36,0.5,3.437,20.063,117.252,116.374,101.09,guns/99AX,65,
US Blanks,"9'9""AX",T48,48,0.126,3.811,21.752,117.252,116.374,101.09,guns/99AX,65,
US Blanks,"9'9""AX",C,58.626,0.0,4.0,22.437,117.252,116.374,101.09,guns/99AX,65,
US Blanks,"9'9""AX",N48,69.252,0.157,4.0,22.189,117.252,116.374,101.09,guns/99AX,65,
US Blanks,"9'9""AX",N36,81.252,0.626,3.748,20.689,117.252,116.374,101.09,guns/99AX,65,
US Blanks,"9'9""AX",N24,93.252,1.689,3.311,17.626,117.252,116.374,101.09,guns/99AX,65,
US Blanks,"9'9""AX",N18,99.252,2.5,2.874,15.311,117.252,116.374,101.09,guns/99AX,65,
US Blanks,"9'9""AX",N12,105.252,3.752,2.5,12.437,117.252,116.374,101.09,guns/99AX,65,
US Blanks,"9'9""AX",N6,111.252,5.437,2.13,8.626,117.252,116.374,101.09,guns/99AX,65,
US Blanks,"9'9""AX",N0,117.252,7.701,1.744,3.0,117.252,116.374,101.09,guns/99AX,65,
US Blanks,"9'9""B",T0,0,4.126,1.437,7.5,117.626,117.126,113.9,guns/99B,66,
US Blanks,"9'9""B",T6,6,3.189,1.874,13.0,117.626,117.126,113.9,guns/99B,66,
US Blanks,"9'9""B",T12,12,2.374,2.252,16.437,117.626,117.126,113.9,guns/99B,66,
US Blanks,"9'9""B",T18,18,1.689,2.563,18.874,117.626,117.126,113.9,guns/99B,66,
US Blanks,"9'9""B",T24,24,1.189,2.874,20.563,117.626,117.126,113.9,guns/99B,66,
US Blanks,"9'9""B",T36,36,0.5,3.311,22.874,117.626,117.126,113.9,guns/99B,66,
US Blanks,"9'9""B",T48,48,0.126,3.626,24.252,117.626,117.126,113.9,guns/99B,66,
US Blanks,"9'9""B",C,58.813,0.0,3.689,24.811,117.626,117.126,113.9,guns/99B,66,
US Blanks,"9'9""B",N48,69.626,0.094,3.752,24.937,117.626,117.126,113.9,guns/99B,66,"width: catalog prints 24 13/16"" but 63.34 cm here; used the cm value (24 15/16"")"
US Blanks,"9'9""B",N36,81.626,0.5,3.5,24.437,117.626,117.126,113.9,guns/99B,66,
US Blanks,"9'9""B",N24,93.626,1.252,3.0,23.063,117.626,117.126,113.9,guns/99B,66,
US Blanks,"9'9""B",N18,99.626,1.752,2.689,21.874,117.626,117.126,113.9,guns/99B,66,
US Blanks,"9'9""B",N12,105.626,2.5,2.252,19.937,117.626,117.126,113.9,guns/99B,66,
US Blanks,"9'9""B",N6,111.626,3.374,1.811,16.374,117.626,117.126,113.9,guns/99B,66,
US Blanks,"9'9""B",N0,117.626,4.437,1.252,0,117.626,117.126,113.9,guns/99B,66,"width 0: rounded nose, not printed in catalog"
US Blanks,"10'0""BG",T0,0,3.252,2.0,8.0,121.5,120.366,149.1,guns/100BG,67,
US Blanks,"10'0""BG",T6,6,2.563,2.5,13.0,121.5,120.366,149.1,guns/100BG,67,
US Blanks,"10'0""BG",T12,12,2.0,2.874,16.311,121.5,120.366,149.1,guns/100BG,67,
US Blanks,"10'0""BG",T18,18,1.5,3.189,18.811,121.5,120.366,149.1,guns/100BG,67,
US Blanks,"10'0""BG",T24,24,1.189,3.5,20.689,121.5,120.366,149.1,guns/100BG,67,
US Blanks,"10'0""BG",T36,36,0.563,4.0,23.374,121.5,120.366,149.1,guns/100BG,67,
US Blanks,"10'0""BG",T48,48,0.189,4.311,24.874,121.5,120.366,149.1,guns/100BG,67,
US Blanks,"10'0""BG",C,60.75,0.0,4.5,25.563,121.5,120.366,149.1,guns/100BG,67,
US Blanks,"10'0""BG",N48,73.5,0.189,4.5,25.437,121.5,120.366,149.1,guns/100BG,67,
US Blanks,"10'0""BG",N36,85.5,0.752,4.189,24.374,121.5,120.366,149.1,guns/100BG,67,
US Blanks,"10'0""BG",N24,97.5,1.874,3.622,22.0,121.5,120.366,149.1,guns/100BG,67,
US Blanks,"10'0""BG",N18,103.5,2.689,3.311,19.937,121.5,120.366,149.1,guns/100BG,67,
US Blanks,"10'0""BG",N12,109.5,3.811,2.874,17.0,121.5,120.366,149.1,guns/100BG,67,
US Blanks,"10'0""BG",N6,115.5,5.311,2.374,12.5,121.5,120.366,149.1,guns/100BG,67,
US Blanks,"10'0""BG",N0,121.5,7.437,1.874,5.0,121.5,120.366,149.1,guns/100BG,67,
US Blanks,"10'1""C",T0,0,3.622,1.874,9.0,122.0,121.374,143.1,longboards/101C,68,
US Blanks,"10'1""C",T6,6,2.811,2.374,14.811,122.0,121.374,143.1,longboards/101C,68,
US Blanks,"10'1""C",T12,12,2.189,2.811,17.937,122.0,121.374,143.1,longboards/101C,68,
US Blanks,"10'1""C",T18,18,1.626,3.189,20.063,122.0,121.374,143.1,longboards/101C,68,
US Blanks,"10'1""C",T24,24,1.189,3.437,21.689,122.0,121.374,143.1,longboards/101C,68,
US Blanks,"10'1""C",T36,36,0.5,3.874,23.811,122.0,121.374,143.1,longboards/101C,68,
US Blanks,"10'1""C",T48,48,0.126,4.063,24.937,122.0,121.374,143.1,longboards/101C,68,
US Blanks,"10'1""C",C,61.0,0.0,4.126,25.437,122.0,121.374,143.1,longboards/101C,68,
US Blanks,"10'1""C",N48,74.0,0.126,4.063,25.374,122.0,121.374,143.1,longboards/101C,68,
US Blanks,"10'1""C",N36,86.0,0.5,3.874,24.752,122.0,121.374,143.1,longboards/101C,68,
US Blanks,"10'1""C",N24,98.0,1.252,3.437,23.437,122.0,121.374,143.1,longboards/101C,68,
US Blanks,"10'1""C",N18,104.0,1.811,3.126,22.4375,122.0,121.374,143.1,longboards/101C,68,"width: catalog prints 22 7/16"" but 59.53 cm here; used the inch value"
US Blanks,"10'1""C",N12,110.0,2.5,2.752,20.874,122.0,121.374,143.1,longboards/101C,68,
US Blanks,"10'1""C",N6,116.0,3.374,2.311,17.937,122.0,121.374,143.1,longboards/101C,68,
US Blanks,"10'1""C",N0,122.0,4.437,1.811,0,122.0,121.374,143.1,longboards/101C,68,"width 0: rounded nose, not printed in catalog"
US Blanks,"10'2""B",T0,0,3.437,1.311,9.252,122.252,121.5,120.6,longboards/102B,69,
US Blanks,"10'2""B",T6,6,2.5,1.811,14.252,122.252,121.5,120.6,longboards/102B,69,
US Blanks,"10'2""B",T12,12,1.811,2.252,17.563,122.252,121.5,120.6,longboards/102B,69,
US Blanks,"10'2""B",T18,18,1.311,2.626,19.811,122.252,121.5,120.6,longboards/102B,69,
US Blanks,"10'2""B",T24,24,0.937,2.874,21.374,122.252,121.5,120.6,longboards/102B,69,
US Blanks,"10'2""B",T36,36,0.374,3.252,23.437,122.252,121.5,120.6,longboards/102B,69,
US Blanks,"10'2""B",T48,48,0.063,3.437,24.5,122.252,121.5,120.6,longboards/102B,69,
US Blanks,"10'2""B",C,61.126,0.0,3.5,25.126,122.252,121.5,120.6,longboards/102B,69,
US Blanks,"10'2""B",N48,74.252,0.157,3.437,25.189,122.252,121.5,120.6,longboards/102B,69,
US Blanks,"10'2""B",N36,86.252,0.563,3.25,24.657,122.252,121.5,120.6,longboards/102B,69,"thickness: catalog prints 3 1/4"" but 7.46 cm here; used the inch value"
US Blanks,"10'2""B",N24,98.252,1.311,2.937,23.437,122.252,121.5,120.6,longboards/102B,69,
US Blanks,"10'2""B",N18,104.252,1.874,2.689,22.311,122.252,121.5,120.6,longboards/102B,69,
US Blanks,"10'2""B",N12,110.252,2.626,2.311,20.752,122.252,121.5,120.6,longboards/102B,69,
US Blanks,"10'2""B",N6,116.252,3.626,1.874,17.5,122.252,121.5,120.6,longboards/102B,69,
US Blanks,"10'2""B",N0,122.252,4.811,1.374,0,122.252,121.5,120.6,longboards/102B,69,"width 0: rounded nose, not printed in catalog"
US Blanks,"10'2""BX",T0,0,3.437,1.563,9.252,122.252,121.5,130.5,longboards/102BX,70,
US Blanks,"10'2""BX",T6,6,2.5,2.063,14.252,122.252,121.5,130.5,longboards/102BX,70,
US Blanks,"10'2""BX",T12,12,1.811,2.504,17.563,122.252,121.5,130.5,longboards/102BX,70,
US Blanks,"10'2""BX",T18,18,1.311,2.878,19.811,122.252,121.5,130.5,longboards/102BX,70,
US Blanks,"10'2""BX",T24,24,0.937,3.126,21.374,122.252,121.5,130.5,longboards/102BX,70,
US Blanks,"10'2""BX",T36,36,0.374,3.504,23.437,122.252,121.5,130.5,longboards/102BX,70,
US Blanks,"10'2""BX",T48,48,0.063,3.689,24.5,122.252,121.5,130.5,longboards/102BX,70,
US Blanks,"10'2""BX",C,61.126,0.0,3.752,25.126,122.252,121.5,130.5,longboards/102BX,70,
US Blanks,"10'2""BX",N48,74.252,0.157,3.689,25.189,122.252,121.5,130.5,longboards/102BX,70,
US Blanks,"10'2""BX",N36,86.252,0.563,3.504,24.657,122.252,121.5,130.5,longboards/102BX,70,
US Blanks,"10'2""BX",N24,98.252,1.311,3.189,23.437,122.252,121.5,130.5,longboards/102BX,70,
US Blanks,"10'2""BX",N18,104.252,1.874,2.941,22.311,122.252,121.5,130.5,longboards/102BX,70,
US Blanks,"10'2""BX",N12,110.252,2.626,2.563,20.752,122.252,121.5,130.5,longboards/102BX,70,
US Blanks,"10'2""BX",N6,116.252,3.626,2.126,17.5,122.252,121.5,130.5,longboards/102BX,70,
US Blanks,"10'2""BX",N0,122.252,4.811,1.626,0,122.252,121.5,130.5,longboards/102BX,70,"width 0: rounded nose, not printed in catalog"
US Blanks,"10'6""A",T0,0,3.437,1.5,6.0,126.752,125.874,106.8,guns/106A,71,
US Blanks,"10'6""A",T6,6,2.874,1.811,9.374,126.752,125.874,106.8,guns/106A,71,
US Blanks,"10'6""A",T12,12,2.374,2.0,12.374,126.752,125.874,106.8,guns/106A,71,
US Blanks,"10'6""A",T18,18,1.937,2.311,14.752,126.752,125.874,106.8,guns/106A,71,
US Blanks,"10'6""A",T24,24,1.5,2.563,16.752,126.752,125.874,106.8,guns/106A,71,
US Blanks,"10'6""A",T36,36,0.752,3.063,19.811,126.752,125.874,106.8,guns/106A,71,
US Blanks,"10'6""A",T48,48,0.252,3.5,21.874,126.752,125.874,106.8,guns/106A,71,
US Blanks,"10'6""A",C,63.376,0.0,3.752,23.189,126.752,125.874,106.8,guns/106A,71,
US Blanks,"10'6""A",N48,78.752,0.311,3.752,22.811,126.752,125.874,106.8,guns/106A,71,
US Blanks,"10'6""A",N36,90.752,1.0,3.437,21.063,126.752,125.874,106.8,guns/106A,71,
US Blanks,"10'6""A",N24,102.752,2.189,2.937,17.752,126.752,125.874,106.8,guns/106A,71,
US Blanks,"10'6""A",N18,108.752,3.126,2.5,15.374,126.752,125.874,106.8,guns/106A,71,
US Blanks,"10'6""A",N12,114.752,4.437,2.125,12.374,126.752,125.874,106.8,guns/106A,71,"thickness: catalog prints 2 1/8"" but 6.35 cm here; used the inch value"
US Blanks,"10'6""A",N6,120.752,6.157,1.752,8.437,126.752,125.874,106.8,guns/106A,71,
US Blanks,"10'6""A",N0,126.752,8.189,1.437,4.0,126.752,125.874,106.8,guns/106A,71,
US Blanks,"10'6""AX",T0,0,3.437,2.0,6.0,126.752,125.874,123.7,guns/106AX,72,
US Blanks,"10'6""AX",T6,6,2.874,2.311,9.374,126.752,125.874,123.7,guns/106AX,72,
US Blanks,"10'6""AX",T12,12,2.374,2.5,12.374,126.752,125.874,123.7,guns/106AX,72,
US Blanks,"10'6""AX",T18,18,1.937,2.811,14.752,126.752,125.874,123.7,guns/106AX,72,
US Blanks,"10'6""AX",T24,24,1.5,3.063,16.752,126.752,125.874,123.7,guns/106AX,72,
US Blanks,"10'6""AX",T36,36,0.752,3.5625,19.811,126.752,125.874,123.7,guns/106AX,72,"thickness: catalog prints 3 1/16"" (7.78 cm) here, the same as the next station; used 3 9/16"", the 10'6""A plus 1/2"""
US Blanks,"10'6""AX",T48,48,0.252,4.0,21.874,126.752,125.874,123.7,guns/106AX,72,
US Blanks,"10'6""AX",C,63.376,0.0,4.252,23.189,126.752,125.874,123.7,guns/106AX,72,
US Blanks,"10'6""AX",N48,78.752,0.311,4.252,22.811,126.752,125.874,123.7,guns/106AX,72,
US Blanks,"10'6""AX",N36,90.752,1.0,3.937,21.063,126.752,125.874,123.7,guns/106AX,72,
US Blanks,"10'6""AX",N24,102.752,2.189,3.437,17.752,126.752,125.874,123.7,guns/106AX,72,
US Blanks,"10'6""AX",N18,108.752,3.126,3.0,15.374,126.752,125.874,123.7,guns/106AX,72,
US Blanks,"10'6""AX",N12,114.752,4.437,2.626,12.374,126.752,125.874,123.7,guns/106AX,72,
US Blanks,"10'6""AX",N6,120.752,6.157,2.252,8.437,126.752,125.874,123.7,guns/106AX,72,
US Blanks,"10'6""AX",N0,126.752,8.189,1.937,4.0,126.752,125.874,123.7,guns/106AX,72,
US Blanks,"10'8""BG",T0,0,3.437,2.0,8.811,129.5,128.252,159.3,guns/108BG,73,
US Blanks,"10'8""BG",T6,6,2.752,2.374,12.5,129.5,128.252,159.3,guns/108BG,73,
US Blanks,"10'8""BG",T12,12,2.126,2.752,15.811,129.5,128.252,159.3,guns/108BG,73,
US Blanks,"10'8""BG",T18,18,1.665,3.063,18.252,129.5,128.252,159.3,guns/108BG,73,
US Blanks,"10'8""BG",T24,24,1.252,3.374,20.189,129.5,128.252,159.3,guns/108BG,73,
US Blanks,"10'8""BG",T36,36,0.689,3.874,22.874,129.5,128.252,159.3,guns/108BG,73,
US Blanks,"10'8""BG",T48,48,0.252,4.252,24.5,129.5,128.252,159.3,guns/108BG,73,
US Blanks,"10'8""BG",C,64.75,0.0,4.531,25.563,129.5,128.252,159.3,guns/108BG,73,
US Blanks,"10'8""BG",N48,81.5,0.374,4.437,25.252,129.5,128.252,159.3,guns/108BG,73,
US Blanks,"10'8""BG",N36,93.5,1.0,4.126,24.126,129.5,128.252,159.3,guns/108BG,73,
US Blanks,"10'8""BG",N24,105.5,2.252,3.626,21.626,129.5,128.252,159.3,guns/108BG,73,
US Blanks,"10'8""BG",N18,111.5,3.126,3.252,19.5,129.5,128.252,159.3,guns/108BG,73,
US Blanks,"10'8""BG",N12,117.5,4.311,2.811,16.752,129.5,128.252,159.3,guns/108BG,73,
US Blanks,"10'8""BG",N6,123.5,5.874,2.374,12.563,129.5,128.252,159.3,guns/108BG,73,
US Blanks,"10'8""BG",N0,129.5,7.937,1.937,7.0,129.5,128.252,159.3,guns/108BG,73,
US Blanks,"10'8""C",T0,0,3.874,1.937,10.0,129.0,128.126,163.2,longboards/108C,74,
US Blanks,"10'8""C",T6,6,3.0,2.437,15.311,129.0,128.126,163.2,longboards/108C,74,
US Blanks,"10'8""C",T12,12,2.374,2.874,18.563,129.0,128.126,163.2,longboards/108C,74,
US Blanks,"10'8""C",T18,18,1.752,3.252,20.752,129.0,128.126,163.2,longboards/108C,74,
US Blanks,"10'8""C",T24,24,1.311,3.563,22.311,129.0,128.126,163.2,longboards/108C,74,
US Blanks,"10'8""C",T36,36,0.626,4.0,24.563,129.0,128.126,163.2,longboards/108C,74,
US Blanks,"10'8""C",T48,48,0.189,4.252,25.811,129.0,128.126,163.2,longboards/108C,74,
US Blanks,"10'8""C",C,64.5,0.0,4.311,26.5,129.0,128.126,163.2,longboards/108C,74,
US Blanks,"10'8""C",N48,81.0,0.252,4.189,26.311,129.0,128.126,163.2,longboards/108C,74,
US Blanks,"10'8""C",N36,93.0,0.752,3.874,25.626,129.0,128.126,163.2,longboards/108C,74,
US Blanks,"10'8""C",N24,105.0,1.563,3.437,24.189,129.0,128.126,163.2,longboards/108C,74,
US Blanks,"10'8""C",N18,111.0,2.126,3.126,23.063,129.0,128.126,163.2,longboards/108C,74,
US Blanks,"10'8""C",N12,117.0,2.874,2.752,21.437,129.0,128.126,163.2,longboards/108C,74,
US Blanks,"10'8""C",N6,123.0,3.752,2.311,18.252,129.0,128.126,163.2,longboards/108C,74,
US Blanks,"10'8""C",N0,129.0,4.937,1.811,0,129.0,128.126,163.2,longboards/108C,74,"width 0: rounded nose, not printed in catalog"
US Blanks,"10'8""Y",T0,0,3.626,1.5,8.252,127.874,127.311,135.1,longboards/108Y,75,
US Blanks,"10'8""Y",T6,6,2.811,2.189,14.189,127.874,127.311,135.1,longboards/108Y,75,
US Blanks,"10'8""Y",T12,12,2.189,2.5,17.374,127.874,127.311,135.1,longboards/108Y,75,
US Blanks,"10'8""Y",T18,18,1.626,2.874,19.563,127.874,127.311,135.1,longboards/108Y,75,
US Blanks,"10'8""Y",T24,24,1.252,3.126,21.189,127.874,127.311,135.1,longboards/108Y,75,
US Blanks,"10'8""Y",T36,36,0.563,3.5,23.252,127.874,127.311,135.1,longboards/108Y,75,
US Blanks,"10'8""Y",T48,48,0.189,3.626,24.563,127.874,127.311,135.1,longboards/108Y,75,
US Blanks,"10'8""Y",C,63.937,0.0,3.752,25.5,127.874,127.311,135.1,longboards/108Y,75,
US Blanks,"10'8""Y",N48,79.874,0.252,3.563,25.437,127.874,127.311,135.1,longboards/108Y,75,
US Blanks,"10'8""Y",N36,91.874,0.689,3.437,24.689,127.874,127.311,135.1,longboards/108Y,75,
US Blanks,"10'8""Y",N24,103.874,1.563,3.126,23.311,127.874,127.311,135.1,longboards/108Y,75,
US Blanks,"10'8""Y",N18,109.874,2.189,2.874,22.189,127.874,127.311,135.1,longboards/108Y,75,
US Blanks,"10'8""Y",N12,115.874,2.937,2.563,20.5,127.874,127.311,135.1,longboards/108Y,75,
US Blanks,"10'8""Y",N6,121.874,3.937,2.126,17.0,127.874,127.311,135.1,longboards/108Y,75,
US Blanks,"10'8""Y",N0,127.874,5.252,1.563,0,127.874,127.311,135.1,longboards/108Y,75,"width 0: rounded nose, not printed in catalog"
US Blanks,"10'10""T",T0,0,3.067,2.689,13.0,129.374,129.0,235.3,sups/1010T,76,"name: the catalog page titles this blank 10'0""T; its catalog address (sups/1010T) and its length (10'9 3/8"") are the 10'10""T's, the name used here"
US Blanks,"10'10""T",T6,6,2.563,3.252,18.689,129.374,129.0,235.3,sups/1010T,76,
US Blanks,"10'10""T",T12,12,2.063,3.563,21.937,129.374,129.0,235.3,sups/1010T,76,
US Blanks,"10'10""T",T18,18,1.689,3.811,24.563,129.374,129.0,235.3,sups/1010T,76,
US Blanks,"10'10""T",T24,24,1.311,4.063,26.626,129.374,129.0,235.3,sups/1010T,76,
US Blanks,"10'10""T",T36,36,0.689,4.5,29.5,129.374,129.0,235.3,sups/1010T,76,
US Blanks,"10'10""T",T48,48,0.252,4.752,31.063,129.374,129.0,235.3,sups/1010T,76,
US Blanks,"10'10""T",C,64.687,0.0,5.0,32.063,129.374,129.0,235.3,sups/1010T,76,
US Blanks,"10'10""T",N48,81.374,0.189,4.752,31.752,129.374,129.0,235.3,sups/1010T,76,
US Blanks,"10'10""T",N36,93.374,0.689,4.311,30.689,129.374,129.0,235.3,sups/1010T,76,
US Blanks,"10'10""T",N24,105.374,1.689,3.626,29.0,129.374,129.0,235.3,sups/1010T,76,
US Blanks,"10'10""T",N18,111.374,2.311,3.252,27.563,129.374,129.0,235.3,sups/1010T,76,
US Blanks,"10'10""T",N12,117.374,3.126,2.874,25.374,129.374,129.0,235.3,sups/1010T,76,
US Blanks,"10'10""T",N6,123.374,4.126,2.374,21.252,129.374,129.0,235.3,sups/1010T,76,
US Blanks,"10'10""T",N0,129.374,5.126,1.874,0,129.374,129.0,235.3,sups/1010T,76,"width 0: rounded nose, not printed in catalog"
US Blanks,"11'2""C",T0,0,3.437,2.0,10.5,134.5,133.874,165.4,longboards/112C,77,
US Blanks,"11'2""C",T12,12,2.0,2.874,18.689,134.5,133.874,165.4,longboards/112C,77,
US Blanks,"11'2""C",T24,24,1.126,3.437,22.374,134.5,133.874,165.4,longboards/112C,77,
US Blanks,"11'2""C",T36,36,0.563,3.811,24.374,134.5,133.874,165.4,longboards/112C,77,
US Blanks,"11'2""C",T48,48,0.189,4.0,25.563,134.5,133.874,165.4,longboards/112C,77,
US Blanks,"11'2""C",C,67.25,0.0,4.126,26.374,134.5,133.874,165.4,longboards/112C,77,
US Blanks,"11'2""C",N48,86.5,0.252,4.0,26.063,134.5,133.874,165.4,longboards/112C,77,
US Blanks,"11'2""C",N36,98.5,0.811,3.752,25.374,134.5,133.874,165.4,longboards/112C,77,
US Blanks,"11'2""C",N24,110.5,1.626,3.374,24.0,134.5,133.874,165.4,longboards/112C,77,
US Blanks,"11'2""C",N12,122.5,2.874,2.811,21.252,134.5,133.874,165.4,longboards/112C,77,
US Blanks,"11'2""C",N0,134.5,4.811,1.874,0,134.5,133.874,165.4,longboards/112C,77,"width 0: rounded nose, not printed in catalog"
US Blanks,"11'8""BG",T0,0,3.563,2.126,8.252,141.252,140.311,189.7,guns/108BG,78,
US Blanks,"11'8""BG",T6,6,2.874,2.5,12.811,141.252,140.311,189.7,guns/108BG,78,
US Blanks,"11'8""BG",T12,12,2.252,2.874,15.937,141.252,140.311,189.7,guns/108BG,78,
US Blanks,"11'8""BG",T18,18,1.752,3.189,18.374,141.252,140.311,189.7,guns/108BG,78,
US Blanks,"11'8""BG",T24,24,1.374,3.5,20.374,141.252,140.311,189.7,guns/108BG,78,
US Blanks,"11'8""BG",T36,36,0.752,4.0,23.197,141.252,140.311,189.7,guns/108BG,78,"width: catalog prints 23"" but 58.92 cm here; used the cm value (23 3/16"")"
US Blanks,"11'8""BG",T48,48,0.311,4.37,24.874,141.252,140.311,189.7,guns/108BG,78,
US Blanks,"11'8""BG",C,70.626,0.0,4.752,26.374,141.252,140.311,189.7,guns/108BG,78,
US Blanks,"11'8""BG",N48,93.252,0.374,4.5,25.937,141.252,140.311,189.7,guns/108BG,78,
US Blanks,"11'8""BG",N36,105.252,1.126,4.126,24.626,141.252,140.311,189.7,guns/108BG,78,
US Blanks,"11'8""BG",N24,117.252,2.375,3.626,22.063,141.252,140.311,189.7,guns/108BG,78,"catalog prints 2 3/8"" but 8.57 cm here; used the inch value"
US Blanks,"11'8""BG",N18,123.252,3.311,3.189,20.0,141.252,140.311,189.7,guns/108BG,78,
US Blanks,"11'8""BG",N12,129.252,4.622,2.811,17.063,141.252,140.311,189.7,guns/108BG,78,
US Blanks,"11'8""BG",N6,135.252,6.244,2.374,13.0,141.252,140.311,189.7,guns/108BG,78,
US Blanks,"11'8""BG",N0,141.252,8.374,1.937,6.5,141.252,140.311,189.7,guns/108BG,78,
US Blanks,"11'8""C",T0,0,3.5,2.189,11.5,140.752,140.311,197.84,longboards/118C,79,
US Blanks,"11'8""C",T12,12,2.252,3.126,18.874,140.752,140.311,197.84,longboards/118C,79,
US Blanks,"11'8""C",T24,24,1.311,3.752,22.689,140.752,140.311,197.84,longboards/118C,79,
US Blanks,"11'8""C",T36,36,0.689,4.189,24.748,140.752,140.311,197.84,longboards/118C,79,
US Blanks,"11'8""C",T48,48,0.256,4.437,26.0,140.752,140.311,197.84,longboards/118C,79,
US Blanks,"11'8""C",C,70.376,0.0,4.563,27.0,140.752,140.311,197.84,longboards/118C,79,
US Blanks,"11'8""C",N48,92.752,0.374,4.437,26.626,140.752,140.311,197.84,longboards/118C,79,
US Blanks,"11'8""C",N36,104.752,0.874,4.126,25.874,140.752,140.311,197.84,longboards/118C,79,
US Blanks,"11'8""C",N24,116.752,1.752,3.685,24.374,140.752,140.311,197.84,longboards/118C,79,
US Blanks,"11'8""C",N12,128.752,3.0,3.063,21.5,140.752,140.311,197.84,longboards/118C,79,
US Blanks,"11'8""C",N0,140.752,4.937,2.063,0,140.752,140.311,197.84,longboards/118C,79,"width 0: rounded nose, not printed in catalog"
US Blanks,"6'5"" EPS",T0,0,2.374,1.378,6.5,77.811,76.811,,superfused/65superfusedeps,81,
US Blanks,"6'5"" EPS",T6,6,1.626,1.752,11.874,77.811,76.811,,superfused/65superfusedeps,81,
US Blanks,"6'5"" EPS",T12,12,1.063,2.126,15.0,77.811,76.811,,superfused/65superfusedeps,81,
US Blanks,"6'5"" EPS",T18,18,0.625,2.374,17.252,77.811,76.811,,superfused/65superfusedeps,81,"rocker: catalog prints 5/8"" but 0.79 cm here; used the inch value"
US Blanks,"6'5"" EPS",T24,24,0.311,2.626,18.874,77.811,76.811,,superfused/65superfusedeps,81,
US Blanks,"6'5"" EPS",C,38.906,0.0,2.752,20.374,77.811,76.811,,superfused/65superfusedeps,81,
US Blanks,"6'5"" EPS",N24,53.811,0.437,2.5,18.437,77.811,76.811,,superfused/65superfusedeps,81,"thickness: catalog prints 2 1/2"" but 6.51 cm here; used the inch value"
US Blanks,"6'5"" EPS",N18,59.811,1.0,2.311,16.374,77.811,76.811,,superfused/65superfusedeps,81,
US Blanks,"6'5"" EPS",N12,65.811,1.874,2.0,13.563,77.811,76.811,,superfused/65superfusedeps,81,
US Blanks,"6'5"" EPS",N6,71.811,3.374,1.626,9.5,77.811,76.811,,superfused/65superfusedeps,81,
US Blanks,"6'5"" EPS",N0,77.811,5.5,1.374,3.0,77.811,76.811,,superfused/65superfusedeps,81,
US Blanks,"6'5""X EPS",T0,0,2.374,1.626,6.5,77.811,76.811,,superfused/65xsuperfusedeps,82,
US Blanks,"6'5""X EPS",T6,6,1.626,2.0,11.874,77.811,76.811,,superfused/65xsuperfusedeps,82,
US Blanks,"6'5""X EPS",T12,12,1.063,2.374,15.0,77.811,76.811,,superfused/65xsuperfusedeps,82,
US Blanks,"6'5""X EPS",T18,18,0.625,2.626,17.252,77.811,76.811,,superfused/65xsuperfusedeps,82,"rocker: catalog prints 5/8"" but 0.79 cm here; used the inch value"
US Blanks,"6'5""X EPS",T24,24,0.311,2.874,18.874,77.811,76.811,,superfused/65xsuperfusedeps,82,
US Blanks,"6'5""X EPS",C,38.906,0.0,3.0,20.374,77.811,76.811,,superfused/65xsuperfusedeps,82,
US Blanks,"6'5""X EPS",N24,53.811,0.437,2.752,18.437,77.811,76.811,,superfused/65xsuperfusedeps,82,
US Blanks,"6'5""X EPS",N18,59.811,1.0,2.563,16.374,77.811,76.811,,superfused/65xsuperfusedeps,82,
US Blanks,"6'5""X EPS",N12,65.811,1.874,2.252,13.563,77.811,76.811,,superfused/65xsuperfusedeps,82,
US Blanks,"6'5""X EPS",N6,71.811,3.374,1.874,9.5,77.811,76.811,,superfused/65xsuperfusedeps,82,
US Blanks,"6'5""X EPS",N0,77.811,5.5,1.626,3.0,77.811,76.811,,superfused/65xsuperfusedeps,82,
US Blanks,"6'8"" EPS",T0,0,2.374,1.0,6.752,81.0,80.0,,superfused/68superfusedeps,83,
US Blanks,"6'8"" EPS",T6,6,1.689,1.374,12.252,81.0,80.0,,superfused/68superfusedeps,83,
US Blanks,"6'8"" EPS",T12,12,1.094,1.874,15.626,81.0,80.0,,superfused/68superfusedeps,83,
US Blanks,"6'8"" EPS",T18,18,0.752,2.311,17.189,81.0,80.0,,superfused/68superfusedeps,83,
US Blanks,"6'8"" EPS",T24,24,0.374,2.559,19.626,81.0,80.0,,superfused/68superfusedeps,83,
US Blanks,"6'8"" EPS",T36,36,0.031,2.811,21.311,81.0,80.0,,superfused/68superfusedeps,83,
US Blanks,"6'8"" EPS",C,40.5,0.0,2.882,21.437,81.0,80.0,,superfused/68superfusedeps,83,
US Blanks,"6'8"" EPS",N36,45.0,0.063,2.811,21.252,81.0,80.0,,superfused/68superfusedeps,83,
US Blanks,"6'8"" EPS",N24,57.0,0.5,2.5,19.374,81.0,80.0,,superfused/68superfusedeps,83,
US Blanks,"6'8"" EPS",N18,63.0,1.0,2.252,17.374,81.0,80.0,,superfused/68superfusedeps,83,
US Blanks,"6'8"" EPS",N12,69.0,1.874,1.811,14.563,81.0,80.0,,superfused/68superfusedeps,83,
US Blanks,"6'8"" EPS",N6,75.0,3.311,1.311,10.626,81.0,80.0,,superfused/68superfusedeps,83,
US Blanks,"6'8"" EPS",N0,81.0,5.374,0.937,4.0,81.0,80.0,,superfused/68superfusedeps,83,
US Blanks,"6'8""X EPS",T0,0,2.374,1.374,6.752,81.0,80.0,,superfused/68xsuperfusedeps,84,
US Blanks,"6'8""X EPS",T6,6,1.689,1.811,12.252,81.0,80.0,,superfused/68xsuperfusedeps,84,
US Blanks,"6'8""X EPS",T12,12,1.094,2.252,15.626,81.0,80.0,,superfused/68xsuperfusedeps,84,
US Blanks,"6'8""X EPS",T18,18,0.752,2.626,17.189,81.0,80.0,,superfused/68xsuperfusedeps,84,
US Blanks,"6'8""X EPS",T24,24,0.374,2.874,19.626,81.0,80.0,,superfused/68xsuperfusedeps,84,
US Blanks,"6'8""X EPS",T36,36,0.031,3.189,21.311,81.0,80.0,,superfused/68xsuperfusedeps,84,
US Blanks,"6'8""X EPS",C,40.5,0.0,3.252,21.437,81.0,80.0,,superfused/68xsuperfusedeps,84,
US Blanks,"6'8""X EPS",N36,45.0,0.063,3.189,21.252,81.0,80.0,,superfused/68xsuperfusedeps,84,
US Blanks,"6'8""X EPS",N24,57.0,0.5,2.874,19.374,81.0,80.0,,superfused/68xsuperfusedeps,84,
US Blanks,"6'8""X EPS",N18,63.0,1.0,2.563,17.374,81.0,80.0,,superfused/68xsuperfusedeps,84,
US Blanks,"6'8""X EPS",N12,69.0,1.874,2.189,14.563,81.0,80.0,,superfused/68xsuperfusedeps,84,
US Blanks,"6'8""X EPS",N6,75.0,3.311,1.626,10.626,81.0,80.0,,superfused/68xsuperfusedeps,84,
US Blanks,"6'8""X EPS",N0,81.0,5.374,1.252,4.0,81.0,80.0,,superfused/68xsuperfusedeps,84,
US Blanks,"7'2"" EPS",T0,0,2.874,1.126,5.0,86.752,85.752,,superfused/72superfusedeps,85,
US Blanks,"7'2"" EPS",T6,6,1.937,1.563,11.311,86.752,85.752,,superfused/72superfusedeps,85,
US Blanks,"7'2"" EPS",T12,12,1.252,2.126,14.811,86.752,85.752,,superfused/72superfusedeps,85,
US Blanks,"7'2"" EPS",T18,18,0.811,2.189,17.626,86.752,85.752,,superfused/72superfusedeps,85,
US Blanks,"7'2"" EPS",T24,24,0.5,2.563,19.252,86.752,85.752,,superfused/72superfusedeps,85,
US Blanks,"7'2"" EPS",T36,36,0.063,2.874,21.252,86.752,85.752,,superfused/72superfusedeps,85,
US Blanks,"7'2"" EPS",C,43.376,0.0,2.937,21.563,86.752,85.752,,superfused/72superfusedeps,85,
US Blanks,"7'2"" EPS",N36,50.752,0.063,2.874,21.126,86.752,85.752,,superfused/72superfusedeps,85,
US Blanks,"7'2"" EPS",N24,62.752,0.563,2.563,18.811,86.752,85.752,,superfused/72superfusedeps,85,
US Blanks,"7'2"" EPS",N18,68.752,1.126,2.252,16.752,86.752,85.752,,superfused/72superfusedeps,85,
US Blanks,"7'2"" EPS",N12,74.752,2.063,1.874,13.752,86.752,85.752,,superfused/72superfusedeps,85,
US Blanks,"7'2"" EPS",N6,80.752,3.5,1.311,9.626,86.752,85.752,,superfused/72superfusedeps,85,
US Blanks,"7'2"" EPS",N0,86.752,5.811,1.0,2.752,86.752,85.752,,superfused/72superfusedeps,85,
US Blanks,"7'2""X EPS",T0,0,2.874,1.5,5.0,86.752,85.752,,superfused/72xsuperfusedeps,86,
US Blanks,"7'2""X EPS",T6,6,1.937,1.937,11.311,86.752,85.752,,superfused/72xsuperfusedeps,86,
US Blanks,"7'2""X EPS",T12,12,1.252,2.5,14.811,86.752,85.752,,superfused/72xsuperfusedeps,86,
US Blanks,"7'2""X EPS",T18,18,0.811,2.563,17.626,86.752,85.752,,superfused/72xsuperfusedeps,86,
US Blanks,"7'2""X EPS",T24,24,0.5,2.9375,19.252,86.752,85.752,,superfused/72xsuperfusedeps,86,"thickness: catalog prints 2 13/16"" (7.14 cm) here; used 2 15/16"", the 7'2"" EPS plus 3/8"""
US Blanks,"7'2""X EPS",T36,36,0.063,3.252,21.252,86.752,85.752,,superfused/72xsuperfusedeps,86,
US Blanks,"7'2""X EPS",C,43.376,0.0,3.311,21.563,86.752,85.752,,superfused/72xsuperfusedeps,86,
US Blanks,"7'2""X EPS",N36,50.752,0.063,3.252,21.126,86.752,85.752,,superfused/72xsuperfusedeps,86,
US Blanks,"7'2""X EPS",N24,62.752,0.563,2.937,18.811,86.752,85.752,,superfused/72xsuperfusedeps,86,
US Blanks,"7'2""X EPS",N18,68.752,1.126,2.626,16.752,86.752,85.752,,superfused/72xsuperfusedeps,86,
US Blanks,"7'2""X EPS",N12,74.752,2.063,2.252,13.752,86.752,85.752,,superfused/72xsuperfusedeps,86,
US Blanks,"7'2""X EPS",N6,80.752,3.5,1.689,9.626,86.752,85.752,,superfused/72xsuperfusedeps,86,
US Blanks,"7'2""X EPS",N0,86.752,5.811,1.374,2.752,86.752,85.752,,superfused/72xsuperfusedeps,86,
US Blanks,"7'8"" EPS",T0,0,2.563,1.374,5.252,93.0,91.874,,superfused/78superfusedeps,87,
US Blanks,"7'8"" EPS",T6,6,1.874,1.752,12.252,93.0,91.874,,superfused/78superfusedeps,87,
US Blanks,"7'8"" EPS",T12,12,1.252,2.189,16.0,93.0,91.874,,superfused/78superfusedeps,87,
US Blanks,"7'8"" EPS",T18,18,0.811,2.5,18.626,93.0,91.874,,superfused/78superfusedeps,87,
US Blanks,"7'8"" EPS",T24,24,0.5,2.752,20.626,93.0,91.874,,superfused/78superfusedeps,87,
US Blanks,"7'8"" EPS",T36,36,0.126,3.126,22.752,93.0,91.874,,superfused/78superfusedeps,87,
US Blanks,"7'8"" EPS",C,46.5,0.0,3.252,23.252,93.0,91.874,,superfused/78superfusedeps,87,
US Blanks,"7'8"" EPS",N36,57.0,0.126,3.189,22.689,93.0,91.874,,superfused/78superfusedeps,87,
US Blanks,"7'8"" EPS",N24,69.0,0.689,2.811,20.437,93.0,91.874,,superfused/78superfusedeps,87,
US Blanks,"7'8"" EPS",N18,75.0,1.252,2.437,18.374,93.0,91.874,,superfused/78superfusedeps,87,
US Blanks,"7'8"" EPS",N12,81.0,2.193,2.063,15.374,93.0,91.874,,superfused/78superfusedeps,87,
US Blanks,"7'8"" EPS",N6,87.0,3.689,1.5,11.063,93.0,91.874,,superfused/78superfusedeps,87,
US Blanks,"7'8"" EPS",N0,93.0,5.563,1.063,4.0,93.0,91.874,,superfused/78superfusedeps,87,
US Blanks,"7'8""X EPS",T0,0,2.563,1.752,5.252,93.0,91.874,,superfused/78xsuperfusedeps,88,
US Blanks,"7'8""X EPS",T6,6,1.874,2.126,12.252,93.0,91.874,,superfused/78xsuperfusedeps,88,
US Blanks,"7'8""X EPS",T12,12,1.252,2.563,16.0,93.0,91.874,,superfused/78xsuperfusedeps,88,
US Blanks,"7'8""X EPS",T18,18,0.811,2.874,18.626,93.0,91.874,,superfused/78xsuperfusedeps,88,
US Blanks,"7'8""X EPS",T24,24,0.5,3.126,20.626,93.0,91.874,,superfused/78xsuperfusedeps,88,
US Blanks,"7'8""X EPS",T36,36,0.126,3.5,22.752,93.0,91.874,,superfused/78xsuperfusedeps,88,
US Blanks,"7'8""X EPS",C,46.5,0.0,3.626,23.252,93.0,91.874,,superfused/78xsuperfusedeps,88,
US Blanks,"7'8""X EPS",N36,57.0,0.126,3.563,22.689,93.0,91.874,,superfused/78xsuperfusedeps,88,
US Blanks,"7'8""X EPS",N24,69.0,0.689,3.189,20.437,93.0,91.874,,superfused/78xsuperfusedeps,88,
US Blanks,"7'8""X EPS",N18,75.0,1.252,2.811,18.374,93.0,91.874,,superfused/78xsuperfusedeps,88,
US Blanks,"7'8""X EPS",N12,81.0,2.193,2.437,15.374,93.0,91.874,,superfused/78xsuperfusedeps,88,
US Blanks,"7'8""X EPS",N6,87.0,3.689,1.874,11.063,93.0,91.874,,superfused/78xsuperfusedeps,88,
US Blanks,"7'8""X EPS",N0,93.0,5.563,1.437,4.0,93.0,91.874,,superfused/78xsuperfusedeps,88,
US Blanks,"8'8"" EPS",T0,0,2.126,1.35,9.5,103.874,103.0,,superfused/88superfusedeps,89,
US Blanks,"8'8"" EPS",T6,6,1.937,1.874,15.252,103.874,103.0,,superfused/88superfusedeps,89,
US Blanks,"8'8"" EPS",T12,12,1.311,2.311,18.5,103.874,103.0,,superfused/88superfusedeps,89,
US Blanks,"8'8"" EPS",T18,18,0.811,2.626,20.752,103.874,103.0,,superfused/88superfusedeps,89,
US Blanks,"8'8"" EPS",T24,24,0.5,2.874,22.374,103.874,103.0,,superfused/88superfusedeps,89,
US Blanks,"8'8"" EPS",T36,36,0.126,3.126,24.311,103.874,103.0,,superfused/88superfusedeps,89,
US Blanks,"8'8"" EPS",T48,48,0,,25.126,103.874,103.0,,superfused/88superfusedeps,89,rocker 0: not printed in catalog; thickness not printed in catalog
US Blanks,"8'8"" EPS",C,51.937,0.0,3.189,25.189,103.874,103.0,,superfused/88superfusedeps,89,
US Blanks,"8'8"" EPS",N48,55.874,0,,25.252,103.874,103.0,,superfused/88superfusedeps,89,rocker 0: not printed in catalog; thickness not printed in catalog
US Blanks,"8'8"" EPS",N36,67.874,0.252,3.126,25.0,103.874,103.0,,superfused/88superfusedeps,89,
US Blanks,"8'8"" EPS",N24,79.874,0.937,2.874,23.752,103.874,103.0,,superfused/88superfusedeps,89,
US Blanks,"8'8"" EPS",N18,85.874,1.5,2.626,22.752,103.874,103.0,,superfused/88superfusedeps,89,
US Blanks,"8'8"" EPS",N12,91.874,2.189,2.252,21.063,103.874,103.0,,superfused/88superfusedeps,89,
US Blanks,"8'8"" EPS",N6,97.874,3.189,1.752,17.811,103.874,103.0,,superfused/88superfusedeps,89,
US Blanks,"8'8"" EPS",N0,103.874,4.252,1.252,6.752,103.874,103.0,,superfused/88superfusedeps,89,
US Blanks,"8'8""X EPS",T0,0,2.126,1.752,10.252,103.874,103.0,,superfused/88xsuperfusedeps,90,
US Blanks,"8'8""X EPS",T6,6,1.937,2.252,15.252,103.874,103.0,,superfused/88xsuperfusedeps,90,
US Blanks,"8'8""X EPS",T12,12,1.311,2.689,18.5,103.874,103.0,,superfused/88xsuperfusedeps,90,
US Blanks,"8'8""X EPS",T18,18,0.811,3.0,20.752,103.874,103.0,,superfused/88xsuperfusedeps,90,
US Blanks,"8'8""X EPS",T24,24,0.5,3.252,22.374,103.874,103.0,,superfused/88xsuperfusedeps,90,
US Blanks,"8'8""X EPS",T36,36,0.126,3.5,24.374,103.874,103.0,,superfused/88xsuperfusedeps,90,
US Blanks,"8'8""X EPS",T48,48,0,,25.189,103.874,103.0,,superfused/88xsuperfusedeps,90,rocker 0: not printed in catalog; thickness not printed in catalog
US Blanks,"8'8""X EPS",C,51.937,0.0,3.563,25.252,103.874,103.0,,superfused/88xsuperfusedeps,90,
US Blanks,"8'8""X EPS",N48,55.874,0,,25.374,103.874,103.0,,superfused/88xsuperfusedeps,90,rocker 0: not printed in catalog; thickness not printed in catalog
US Blanks,"8'8""X EPS",N36,67.874,0.252,3.5,25.0,103.874,103.0,,superfused/88xsuperfusedeps,90,
US Blanks,"8'8""X EPS",N24,79.874,0.937,3.252,23.752,103.874,103.0,,superfused/88xsuperfusedeps,90,
US Blanks,"8'8""X EPS",N18,85.874,1.5,3.0,22.752,103.874,103.0,,superfused/88xsuperfusedeps,90,
US Blanks,"8'8""X EPS",N12,91.874,2.189,2.626,21.063,103.874,103.0,,superfused/88xsuperfusedeps,90,
US Blanks,"8'8""X EPS",N6,97.874,3.189,2.126,17.811,103.874,103.0,,superfused/88xsuperfusedeps,90,
US Blanks,"8'8""X EPS",N0,103.874,4.252,1.626,7.0,103.874,103.0,,superfused/88xsuperfusedeps,90,
US Blanks,"9'8"" EPS",T0,0,4.0,1.252,9.5,116.0,115.25,,superfused/98superfusedeps,91,
US Blanks,"9'8"" EPS",T6,6,3.0,1.752,14.811,116.0,115.25,,superfused/98superfusedeps,91,
US Blanks,"9'8"" EPS",T12,12,2.252,2.063,18.0,116.0,115.25,,superfused/98superfusedeps,91,
US Blanks,"9'8"" EPS",T18,18,1.563,2.374,20.189,116.0,115.25,,superfused/98superfusedeps,91,
US Blanks,"9'8"" EPS",T24,24,1.063,2.563,21.874,116.0,115.25,,superfused/98superfusedeps,91,
US Blanks,"9'8"" EPS",T36,36,0.437,2.811,23.878,116.0,115.25,,superfused/98superfusedeps,91,
US Blanks,"9'8"" EPS",T48,48,0.094,3.0,24.874,116.0,115.25,,superfused/98superfusedeps,91,
US Blanks,"9'8"" EPS",C,58.0,0.0,3.0,25.126,116.0,115.25,,superfused/98superfusedeps,91,
US Blanks,"9'8"" EPS",N48,68.0,0.063,3.0,25.252,116.0,115.25,,superfused/98superfusedeps,91,
US Blanks,"9'8"" EPS",N36,80.0,0.5,2.811,24.752,116.0,115.25,,superfused/98superfusedeps,91,
US Blanks,"9'8"" EPS",N24,92.0,1.189,2.626,23.5,116.0,115.25,,superfused/98superfusedeps,91,
US Blanks,"9'8"" EPS",N18,98.0,1.811,2.374,22.5,116.0,115.25,,superfused/98superfusedeps,91,
US Blanks,"9'8"" EPS",N12,104.0,2.563,2.063,20.752,116.0,115.25,,superfused/98superfusedeps,91,
US Blanks,"9'8"" EPS",N6,110.0,3.437,1.689,17.374,116.0,115.25,,superfused/98superfusedeps,91,
US Blanks,"9'8"" EPS",N0,116.0,4.563,1.374,7.5,116.0,115.25,,superfused/98superfusedeps,91,"length: catalog prints 9'8"" but 274.32 cm (9'0""); used the inch value"
US Blanks,"9'8""X EPS",T0,0,4.0,1.626,9.5,116.0,115.25,,superfused/98xsuperfusedeps,92,
US Blanks,"9'8""X EPS",T6,6,3.0,2.126,14.811,116.0,115.25,,superfused/98xsuperfusedeps,92,
US Blanks,"9'8""X EPS",T12,12,2.252,2.437,18.0,116.0,115.25,,superfused/98xsuperfusedeps,92,
US Blanks,"9'8""X EPS",T18,18,1.563,2.752,20.189,116.0,115.25,,superfused/98xsuperfusedeps,92,
US Blanks,"9'8""X EPS",T24,24,1.063,2.937,21.874,116.0,115.25,,superfused/98xsuperfusedeps,92,"thickness: catalog prints 3 3/16"" but 7.46 cm here; used the cm value (2 15/16"")"
US Blanks,"9'8""X EPS",T36,36,0.437,3.189,23.878,116.0,115.25,,superfused/98xsuperfusedeps,92,
US Blanks,"9'8""X EPS",T48,48,0.094,3.374,24.874,116.0,115.25,,superfused/98xsuperfusedeps,92,
US Blanks,"9'8""X EPS",C,58.0,0.0,3.374,25.126,116.0,115.25,,superfused/98xsuperfusedeps,92,
US Blanks,"9'8""X EPS",N48,68.0,0.063,3.374,25.252,116.0,115.25,,superfused/98xsuperfusedeps,92,
US Blanks,"9'8""X EPS",N36,80.0,0.5,3.189,24.752,116.0,115.25,,superfused/98xsuperfusedeps,92,
US Blanks,"9'8""X EPS",N24,92.0,1.189,3.0,23.5,116.0,115.25,,superfused/98xsuperfusedeps,92,
US Blanks,"9'8""X EPS",N18,98.0,1.811,2.752,22.5,116.0,115.25,,superfused/98xsuperfusedeps,92,
US Blanks,"9'8""X EPS",N12,104.0,2.563,2.437,20.752,116.0,115.25,,superfused/98xsuperfusedeps,92,
US Blanks,"9'8""X EPS",N6,110.0,3.437,2.063,17.374,116.0,115.25,,superfused/98xsuperfusedeps,92,
US Blanks,"9'8""X EPS",N0,116.0,4.563,1.756,7.5,116.0,115.25,,superfused/98xsuperfusedeps,92,"length: catalog prints 9'8"" but 274.32 cm (9'0""); used the inch value"
US Blanks,"9'8""XX EPS",T0,0,4.0,2.0,9.5,116.0,115.25,,superfused/98xxsuperfusedeps,93,
US Blanks,"9'8""XX EPS",T6,6,3.0,2.5,14.811,116.0,115.25,,superfused/98xxsuperfusedeps,93,
US Blanks,"9'8""XX EPS",T12,12,2.252,2.811,18.0,116.0,115.25,,superfused/98xxsuperfusedeps,93,
US Blanks,"9'8""XX EPS",T18,18,1.563,3.126,20.189,116.0,115.25,,superfused/98xxsuperfusedeps,93,
US Blanks,"9'8""XX EPS",T24,24,1.063,3.311,21.874,116.0,115.25,,superfused/98xxsuperfusedeps,93,
US Blanks,"9'8""XX EPS",T36,36,0.437,3.563,23.878,116.0,115.25,,superfused/98xxsuperfusedeps,93,
US Blanks,"9'8""XX EPS",T48,48,0.094,3.752,24.874,116.0,115.25,,superfused/98xxsuperfusedeps,93,
US Blanks,"9'8""XX EPS",C,58.0,0.0,3.752,25.126,116.0,115.25,,superfused/98xxsuperfusedeps,93,
US Blanks,"9'8""XX EPS",N48,68.0,0.063,3.752,25.252,116.0,115.25,,superfused/98xxsuperfusedeps,93,
US Blanks,"9'8""XX EPS",N36,80.0,0.5,3.563,24.752,116.0,115.25,,superfused/98xxsuperfusedeps,93,
US Blanks,"9'8""XX EPS",N24,92.0,1.189,3.374,23.5,116.0,115.25,,superfused/98xxsuperfusedeps,93,
US Blanks,"9'8""XX EPS",N18,98.0,1.811,3.126,22.5,116.0,115.25,,superfused/98xxsuperfusedeps,93,
US Blanks,"9'8""XX EPS",N12,104.0,2.563,2.811,20.752,116.0,115.25,,superfused/98xxsuperfusedeps,93,
US Blanks,"9'8""XX EPS",N6,110.0,3.437,2.437,17.374,116.0,115.25,,superfused/98xxsuperfusedeps,93,
US Blanks,"9'8""XX EPS",N0,116.0,4.563,2.126,7.5,116.0,115.25,,superfused/98xxsuperfusedeps,93,"length: catalog prints 9'8"" but 274.32 cm (9'0""); used the inch value"
US Blanks,"8'6"" EPS",T0,0,3.752,1.063,32.0,102.626,102.0,,sups/86eps,96,
US Blanks,"8'6"" EPS",T12,12,1.752,2.937,32.0,102.626,102.0,,sups/86eps,96,"width not printed at this station; SUP blank is a constant-width block, filled with center width"
US Blanks,"8'6"" EPS",T24,24,0.752,3.752,32.0,102.626,102.0,,sups/86eps,96,"width not printed at this station; SUP blank is a constant-width block, filled with center width"
US Blanks,"8'6"" EPS",T36,36,0.252,4.252,32.0,102.626,102.0,,sups/86eps,96,"width not printed at this station; SUP blank is a constant-width block, filled with center width"
US Blanks,"8'6"" EPS",C,51.313,0.0,4.374,32.0,102.626,102.0,,sups/86eps,96,
US Blanks,"8'6"" EPS",N36,66.626,0.252,4.252,32.0,102.626,102.0,,sups/86eps,96,"width not printed at this station; SUP blank is a constant-width block, filled with center width"
US Blanks,"8'6"" EPS",N24,78.626,0.752,3.937,32.0,102.626,102.0,,sups/86eps,96,"width not printed at this station; SUP blank is a constant-width block, filled with center width"
US Blanks,"8'6"" EPS",N12,90.626,1.937,3.252,32.0,102.626,102.0,,sups/86eps,96,"width not printed at this station; SUP blank is a constant-width block, filled with center width"
US Blanks,"8'6"" EPS",N0,102.626,4.752,1.937,32.0,102.626,102.0,,sups/86eps,96,
US Blanks,"9'6"" EPS",T0,0,4.252,1.252,32.0,114.626,114.0,,sups/96eps,97,
US Blanks,"9'6"" EPS",T12,12,2.063,3.126,32.0,114.626,114.0,,sups/96eps,97,"width not printed at this station; SUP blank is a constant-width block, filled with center width"
US Blanks,"9'6"" EPS",T24,24,1.063,4.063,32.0,114.626,114.0,,sups/96eps,97,"width not printed at this station; SUP blank is a constant-width block, filled with center width"
US Blanks,"9'6"" EPS",T36,36,0.063,4.626,32.0,114.626,114.0,,sups/96eps,97,"width not printed at this station; SUP blank is a constant-width block, filled with center width"
US Blanks,"9'6"" EPS",T48,48,0,4.874,32.0,114.626,114.0,,sups/96eps,97,"width not printed at this station; SUP blank is a constant-width block, filled with center width; rocker 0: not printed in catalog"
US Blanks,"9'6"" EPS",C,57.313,0.0,4.937,32.0,114.626,114.0,,sups/96eps,97,
US Blanks,"9'6"" EPS",N48,66.626,0,4.874,32.0,114.626,114.0,,sups/96eps,97,"width not printed at this station; SUP blank is a constant-width block, filled with center width; rocker 0: not printed in catalog"
US Blanks,"9'6"" EPS",N36,78.626,0.374,4.689,32.0,114.626,114.0,,sups/96eps,97,"width not printed at this station; SUP blank is a constant-width block, filled with center width"
US Blanks,"9'6"" EPS",N24,90.626,1.063,4.252,32.0,114.626,114.0,,sups/96eps,97,"width not printed at this station; SUP blank is a constant-width block, filled with center width"
US Blanks,"9'6"" EPS",N12,102.626,2.311,3.5,32.0,114.626,114.0,,sups/96eps,97,"width not printed at this station; SUP blank is a constant-width block, filled with center width"
US Blanks,"9'6"" EPS",N0,114.626,5.256,2.252,32.0,114.626,114.0,,sups/96eps,97,
US Blanks,"10'0"" EPS",T0,0,3.752,1.874,32.0,120.752,120.0,,sups/100sup,98,
US Blanks,"10'0"" EPS",T12,12,2.311,3.252,32.0,120.752,120.0,,sups/100sup,98,"width not printed at this station; SUP blank is a constant-width block, filled with center width"
US Blanks,"10'0"" EPS",T24,24,1.252,4.0,32.0,120.752,120.0,,sups/100sup,98,"width not printed at this station; SUP blank is a constant-width block, filled with center width"
US Blanks,"10'0"" EPS",T36,36,0.563,4.5,32.0,120.752,120.0,,sups/100sup,98,"width not printed at this station; SUP blank is a constant-width block, filled with center width"
US Blanks,"10'0"" EPS",T48,48,0.126,4.752,32.0,120.752,120.0,,sups/100sup,98,"width not printed at this station; SUP blank is a constant-width block, filled with center width"
US Blanks,"10'0"" EPS",C,60.376,0.0,4.937,32.0,120.752,120.0,,sups/100sup,98,
US Blanks,"10'0"" EPS",N48,72.752,0.126,4.874,32.0,120.752,120.0,,sups/100sup,98,"width not printed at this station; SUP blank is a constant-width block, filled with center width"
US Blanks,"10'0"" EPS",N36,84.752,0.5,4.626,32.0,120.752,120.0,,sups/100sup,98,"width not printed at this station; SUP blank is a constant-width block, filled with center width"
US Blanks,"10'0"" EPS",N24,96.752,1.311,4.189,32.0,120.752,120.0,,sups/100sup,98,"width not printed at this station; SUP blank is a constant-width block, filled with center width"
US Blanks,"10'0"" EPS",N12,108.752,2.626,3.5,32.0,120.752,120.0,,sups/100sup,98,"width not printed at this station; SUP blank is a constant-width block, filled with center width"
US Blanks,"10'0"" EPS",N0,120.752,5.626,2.311,32.0,120.752,120.0,,sups/100sup,98,
US Blanks,"10'4""A SUP EPS",T0,0,3.752,1.811,32.0,125.252,124.0,,sups/104supa,99,
US Blanks,"10'4""A SUP EPS",T12,12,2.189,3.252,32.0,125.252,124.0,,sups/104supa,99,"width not printed at this station; SUP blank is a constant-width block, filled with center width"
US Blanks,"10'4""A SUP EPS",T24,24,1.252,3.937,32.0,125.252,124.0,,sups/104supa,99,"width not printed at this station; SUP blank is a constant-width block, filled with center width"
US Blanks,"10'4""A SUP EPS",T36,36,0.626,4.374,32.0,125.252,124.0,,sups/104supa,99,"width not printed at this station; SUP blank is a constant-width block, filled with center width"
US Blanks,"10'4""A SUP EPS",T48,48,0.252,4.626,32.0,125.252,124.0,,sups/104supa,99,"width not printed at this station; SUP blank is a constant-width block, filled with center width"
US Blanks,"10'4""A SUP EPS",C,62.626,0.0,4.874,32.0,125.252,124.0,,sups/104supa,99,
US Blanks,"10'4""A SUP EPS",N48,77.252,0,4.752,32.0,125.252,124.0,,sups/104supa,99,"width not printed at this station; SUP blank is a constant-width block, filled with center width; rocker 0: not printed in catalog"
US Blanks,"10'4""A SUP EPS",N36,89.252,0.311,4.563,32.0,125.252,124.0,,sups/104supa,99,"width not printed at this station; SUP blank is a constant-width block, filled with center width"
US Blanks,"10'4""A SUP EPS",N24,101.252,0.937,4.126,32.0,125.252,124.0,,sups/104supa,99,"width not printed at this station; SUP blank is a constant-width block, filled with center width"
US Blanks,"10'4""A SUP EPS",N12,113.252,2.126,3.374,32.0,125.252,124.0,,sups/104supa,99,"width not printed at this station; SUP blank is a constant-width block, filled with center width"
US Blanks,"10'4""A SUP EPS",N0,125.252,4.563,2.063,32.0,125.252,124.0,,sups/104supa,99,
US Blanks,"10'4""B SUP EPS",T0,0,4.374,1.689,32.0,125.252,124.0,,sups/104supb,100,
US Blanks,"10'4""B SUP EPS",T12,12,2.689,3.126,32.0,125.252,124.0,,sups/104supb,100,"width not printed at this station; SUP blank is a constant-width block, filled with center width"
US Blanks,"10'4""B SUP EPS",T24,24,1.5,3.937,32.0,125.252,124.0,,sups/104supb,100,"width not printed at this station; SUP blank is a constant-width block, filled with center width"
US Blanks,"10'4""B SUP EPS",T36,36,0.689,4.5,32.0,125.252,124.0,,sups/104supb,100,"width not printed at this station; SUP blank is a constant-width block, filled with center width"
US Blanks,"10'4""B SUP EPS",T48,48,0.189,4.752,32.0,125.252,124.0,,sups/104supb,100,"width not printed at this station; SUP blank is a constant-width block, filled with center width"
US Blanks,"10'4""B SUP EPS",C,62.626,0.0,4.811,32.0,125.252,124.0,,sups/104supb,100,
US Blanks,"10'4""B SUP EPS",N48,77.252,0.189,4.689,32.0,125.252,124.0,,sups/104supb,100,"width not printed at this station; SUP blank is a constant-width block, filled with center width"
US Blanks,"10'4""B SUP EPS",N36,89.252,0.626,4.437,32.0,125.252,124.0,,sups/104supb,100,"width not printed at this station; SUP blank is a constant-width block, filled with center width; rocker: catalog prints 5/16"" but 1.59 cm here; used the cm value (5/8"")"
US Blanks,"10'4""B SUP EPS",N24,101.252,1.5,3.937,32.0,125.252,124.0,,sups/104supb,100,"width not printed at this station; SUP blank is a constant-width block, filled with center width"
US Blanks,"10'4""B SUP EPS",N12,113.252,3.063,3.311,32.0,125.252,124.0,,sups/104supb,100,"width not printed at this station; SUP blank is a constant-width block, filled with center width"
US Blanks,"10'4""B SUP EPS",N0,125.252,6.252,2.311,32.0,125.252,124.0,,sups/104supb,100,
US Blanks,"11'2""A SUP EPS",T0,0,4.189,1.874,32.0,135.5,134.0,,sups/112supa,101,
US Blanks,"11'2""A SUP EPS",T12,12,2.252,3.374,32.0,135.5,134.0,,sups/112supa,101,"width not printed at this station; SUP blank is a constant-width block, filled with center width"
US Blanks,"11'2""A SUP EPS",T24,24,1.252,4.126,32.0,135.5,134.0,,sups/112supa,101,"width not printed at this station; SUP blank is a constant-width block, filled with center width"
US Blanks,"11'2""A SUP EPS",T36,36,0.626,4.563,32.0,135.5,134.0,,sups/112supa,101,"width not printed at this station; SUP blank is a constant-width block, filled with center width"
US Blanks,"11'2""A SUP EPS",T48,48,0.252,4.811,32.0,135.5,134.0,,sups/112supa,101,"width not printed at this station; SUP blank is a constant-width block, filled with center width"
US Blanks,"11'2""A SUP EPS",C,67.75,0.0,5.0,32.0,135.5,134.0,,sups/112supa,101,
US Blanks,"11'2""A SUP EPS",N48,87.5,0.126,4.874,32.0,135.5,134.0,,sups/112supa,101,"width not printed at this station; SUP blank is a constant-width block, filled with center width"
US Blanks,"11'2""A SUP EPS",N36,99.5,0.563,4.626,32.0,135.5,134.0,,sups/112supa,101,"width not printed at this station; SUP blank is a constant-width block, filled with center width"
US Blanks,"11'2""A SUP EPS",N24,111.5,1.252,4.189,32.0,135.5,134.0,,sups/112supa,101,"width not printed at this station; SUP blank is a constant-width block, filled with center width"
US Blanks,"11'2""A SUP EPS",N12,123.5,2.5,3.374,32.0,135.5,134.0,,sups/112supa,101,"width not printed at this station; SUP blank is a constant-width block, filled with center width"
US Blanks,"11'2""A SUP EPS",N0,135.5,5.252,1.874,32.0,135.5,134.0,,sups/112supa,101,
US Blanks,"11'2""B SUP EPS",T0,0,4.752,1.811,32.0,135.5,134.0,,sups/112supb,102,
US Blanks,"11'2""B SUP EPS",T12,12,2.689,3.252,32.0,135.5,134.0,,sups/112supb,102,"width not printed at this station; SUP blank is a constant-width block, filled with center width"
US Blanks,"11'2""B SUP EPS",T24,24,1.752,4.063,32.0,135.5,134.0,,sups/112supb,102,"width not printed at this station; SUP blank is a constant-width block, filled with center width"
US Blanks,"11'2""B SUP EPS",T36,36,0.874,4.563,32.0,135.5,134.0,,sups/112supb,102,"width not printed at this station; SUP blank is a constant-width block, filled with center width"
US Blanks,"11'2""B SUP EPS",T48,48,0.311,4.937,32.0,135.5,134.0,,sups/112supb,102,"width not printed at this station; SUP blank is a constant-width block, filled with center width"
US Blanks,"11'2""B SUP EPS",C,67.75,0.0,5.0625,32.0,135.5,134.0,,sups/112supb,102,"thickness: catalog prints 5 1/16"" but 12.38 cm here; used the inch value"
US Blanks,"11'2""B SUP EPS",N48,87.5,0.311,4.874,32.0,135.5,134.0,,sups/112supb,102,"width not printed at this station; SUP blank is a constant-width block, filled with center width"
US Blanks,"11'2""B SUP EPS",N36,99.5,0.874,4.563,32.0,135.5,134.0,,sups/112supb,102,"width not printed at this station; SUP blank is a constant-width block, filled with center width"
US Blanks,"11'2""B SUP EPS",N24,111.5,1.874,4.126,32.0,135.5,134.0,,sups/112supb,102,"width not printed at this station; SUP blank is a constant-width block, filled with center width"
US Blanks,"11'2""B SUP EPS",N12,123.5,3.437,3.437,32.0,135.5,134.0,,sups/112supb,102,"width not printed at this station; SUP blank is a constant-width block, filled with center width"
US Blanks,"11'2""B SUP EPS",N0,135.5,6.752,2.5,32.0,135.5,134.0,,sups/112supb,102,
US Blanks,"12'1"" EPS",T0,0,3.374,2.5,32.0,146.126,145.0,,sups/121sup,103,
US Blanks,"12'1"" EPS",T12,12,1.874,3.626,32.0,146.126,145.0,,sups/121sup,103,"width not printed at this station; SUP blank is a constant-width block, filled with center width"
US Blanks,"12'1"" EPS",T24,24,1.063,4.311,32.0,146.126,145.0,,sups/121sup,103,"width not printed at this station; SUP blank is a constant-width block, filled with center width"
US Blanks,"12'1"" EPS",T36,36,0.563,4.752,32.0,146.126,145.0,,sups/121sup,103,"width not printed at this station; SUP blank is a constant-width block, filled with center width"
US Blanks,"12'1"" EPS",T48,48,0.252,5.0,32.0,146.126,145.0,,sups/121sup,103,"width not printed at this station; SUP blank is a constant-width block, filled with center width"
US Blanks,"12'1"" EPS",C,73.063,0.0,5.189,32.0,146.126,145.0,,sups/121sup,103,
US Blanks,"12'1"" EPS",N48,98.126,0.311,5.0,32.0,146.126,145.0,,sups/121sup,103,"width not printed at this station; SUP blank is a constant-width block, filled with center width"
US Blanks,"12'1"" EPS",N36,110.126,0.874,4.752,32.0,146.126,145.0,,sups/121sup,103,"width not printed at this station; SUP blank is a constant-width block, filled with center width"
US Blanks,"12'1"" EPS",N24,122.126,1.689,4.311,32.0,146.126,145.0,,sups/121sup,103,"width not printed at this station; SUP blank is a constant-width block, filled with center width"
US Blanks,"12'1"" EPS",N12,134.126,3.126,3.626,32.0,146.126,145.0,,sups/121sup,103,"width not printed at this station; SUP blank is a constant-width block, filled with center width"
US Blanks,"12'1"" EPS",N0,146.126,6.126,2.563,32.0,146.126,145.0,,sups/121sup,103,
US Blanks,"12'6"" EPS",T0,0,3.5,2.74,32.0,151.5,150.0,,sups/126sup,104,
US Blanks,"12'6"" EPS",T12,12,2.0,3.937,32.0,151.5,150.0,,sups/126sup,104,"width not printed at this station; SUP blank is a constant-width block, filled with center width"
US Blanks,"12'6"" EPS",T24,24,1.189,4.626,32.0,151.5,150.0,,sups/126sup,104,"width not printed at this station; SUP blank is a constant-width block, filled with center width"
US Blanks,"12'6"" EPS",T36,36,0.626,5.063,32.0,151.5,150.0,,sups/126sup,104,"width not printed at this station; SUP blank is a constant-width block, filled with center width"
US Blanks,"12'6"" EPS",T48,48,0.311,5.374,32.0,151.5,150.0,,sups/126sup,104,"width not printed at this station; SUP blank is a constant-width block, filled with center width"
US Blanks,"12'6"" EPS",C,75.75,0.0,5.5,32.0,151.5,150.0,,sups/126sup,104,
US Blanks,"12'6"" EPS",N48,103.5,0.374,5.374,32.0,151.5,150.0,,sups/126sup,104,"width not printed at this station; SUP blank is a constant-width block, filled with center width"
US Blanks,"12'6"" EPS",N36,115.5,0.937,5.063,32.0,151.5,150.0,,sups/126sup,104,"width not printed at this station; SUP blank is a constant-width block, filled with center width"
US Blanks,"12'6"" EPS",N24,127.5,1.811,4.626,32.0,151.5,150.0,,sups/126sup,104,"width not printed at this station; SUP blank is a constant-width block, filled with center width"
US Blanks,"12'6"" EPS",N12,139.5,3.311,3.937,32.0,151.5,150.0,,sups/126sup,104,"width not printed at this station; SUP blank is a constant-width block, filled with center width"
US Blanks,"12'6"" EPS",N0,151.5,6.311,2.874,32.0,151.5,150.0,,sups/126sup,104,
